"ProbeSet_ID","Gene_Symbol","Gene_Description","NCBI_ID","Diff","min_A","MAX_A","Mean_A","min_B","MAX_B","Mean_B"
"10517508","C1qb","complement component 1 q subcomponent beta polypeptide","12260","77.65","3395","3395","3395","43","44","44"
"10517513","C1qc","complement component 1 q subcomponent C chain","12262","70.75","3226","3226","3226","42","49","46"
"10583056","Mmp12","matrix metallopeptidase 12","17381","60.40","3277","3277","3277","35","85","54"
"10547657","C3ar1","complement component 3a receptor 1","12267","56.88","1927","1927","1927","26","44","34"
"10517517","C1qa","complement component 1 q subcomponent alpha polypeptide","12259","51.49","3642","3642","3642","65","76","71"
"10531415","Cxcl10","chemokine (C-X-C motif) ligand 10","15945","48.94","3590","3590","3590","65","83","73"
"10350516","Ptgs2","prostaglandin-endoperoxide synthase 2","19225","46.45","2635","2635","2635","44","74","57"
"10557862","Itgam","integrin alpha M","16409","29.92","1655","1655","1655","44","70","55"
"10512470","Cd72","CD72 antigen","12517","27.51","1577","1577","1577","32","104","57"
"10583044","Mmp13","matrix metallopeptidase 13","17386","26.82","1053","1053","1053","38","40","39"
"10436095","Retnla","resistin like alpha","57262","26.21","360","360","360","13","14","14"
"10445293","Pla2g7","phospholipase A2 group VII (platelet-activating factor acetylhydrolase plasma)","27226","25.35","1003","1003","1003","35","45","40"
"10523359","Cxcl13","chemokine (C-X-C motif) ligand 13","55985","25.19","620","620","620","24","26","25"
"10379721","Ccl4","chemokine (C-C motif) ligand 4","20303","21.98","1883","1883","1883","62","118","86"
"10445953","Emr4","EGF-like module containing mucin-like hormone receptor-like sequence 4","52614","21.93","400","400","400","18","19","18"
"10489246","Mafb","v-maf musculoaponeurotic fibrosarcoma oncogene family protein B (avian)","16658","19.98","875","875","875","43","45","44"
"10466190","Ms4a14","membrane-spanning 4-domains subfamily A member 14","383435","19.93","235","235","235","11","13","12"
"10461587","Ms4a4a","membrane-spanning 4-domains subfamily A member 4A","666907","19.84","798","798","798","38","43","40"
"10514285","Ifnb1","interferon beta 1 fibroblast","15977","18.12","439","439","439","24","25","24"
"10392560","Abca9","ATP-binding cassette sub-family A (ABC1) member 9","217262","18.05","821","821","821","30","69","45"
"10597743","Cx3cr1","chemokine (C-X3-C) receptor 1","13051","17.84","1586","1586","1586","83","95","89"
"10445141","Olfr111","olfactory receptor 111","545205","17.63","347","347","347","17","23","20"
"10486061","Rasgrp1","RAS guanyl releasing protein 1","19419","16.67","838","838","838","42","60","50"
"10424140","Col14a1","collagen type XIV alpha 1","12818","15.21","1250","1250","1250","69","98","82"
"10379530","Ccl12","chemokine (C-C motif) ligand 12","20293","14.65","265","265","265","17","19","18"
"10466200","Ms4a7","membrane-spanning 4-domains subfamily A member 7","109225","14.17","380","380","380","20","37","27"
"10461622","Ms4a6b","membrane-spanning 4-domains subfamily A member 6B","69774","13.73","568","568","568","25","67","41"
"10541555","Clec4a1","C-type lectin domain family 4 member a1","269799","13.41","286","286","286","19","24","21"
"10450880","H2-M2","histocompatibility 2 M region locus 2","14990","12.89","407","407","407","21","47","32"
"10571840","Hpgd","hydroxyprostaglandin dehydrogenase 15 (NAD)","15446","12.64","752","752","752","50","70","59"
"10499189","Fcrls","Fc receptor-like S scavenger receptor","80891","12.21","258","258","258","20","22","21"
"10422822","Lifr","leukemia inhibitory factor receptor","16880","12.06","611","611","611","31","84","51"
"10462623","Ifit1","interferon-induced protein with tetratricopeptide repeats 1","15957","11.78","336","336","336","26","32","29"
"10467508","Blnk","B-cell linker","17060","11.58","401","401","401","32","37","35"
"10569020","Ifitm6","interferon induced transmembrane protein 6","213002","11.13","311","311","311","21","37","28"
"10377782","Clec10a","macrophage galactose N-acetyl-galactosamine specific lectin 1","17312","10.00","366","366","366","24","56","37"
"10590031","Itga9","integrin alpha 9","104099","8.83","463","463","463","44","62","52"
"10418506","Stab1","stabilin 1","192187","8.69","466","466","466","51","57","54"
"10493114","Nes","nestin","18008","8.40","251","251","251","29","31","30"
"10565990","Art2a-ps","ADP-ribosyltransferase 2a","11871","8.36","255","255","255","24","39","30"
"10607950","G530011O06Rik","","NA","8.14","470","470","470","56","60","58"
"10480238","St8sia6","ST8 alpha-N-acetyl-neuraminide alpha-28-sialyltransferase 6","241230","7.99","312","312","312","32","48","39"
"10578989","Psd3","pleckstrin and Sec7 domain containing 3","234353","7.95","291","291","291","33","40","37"
"10403871","Aoah","acyloxyacyl hydrolase","27052","7.93","200","200","200","22","28","25"
"10434778","Rtp4","receptor transporter protein 4","67775","7.87","319","319","319","36","46","41"
"10379511","Ccl2","chemokine (C-C motif) ligand 2","20296","7.66","572","572","572","65","86","75"
"10532711","Cmklr1","chemokine-like receptor 1","14747","7.37","427","427","427","45","74","58"
"10360684","Ephx1","epoxide hydrolase 1 microsomal","13849","7.33","788","788","788","105","110","107"
"10461594","Ms4a4c","membrane-spanning 4-domains subfamily A member 4C","64380","7.27","253","253","253","25","48","35"
"10500204","Ecm1","extracellular matrix protein 1","13601","6.83","738","738","738","106","111","108"
"10545101","Hpgds","hematopoietic prostaglandin D synthase","54486","6.29","558","558","558","75","105","89"
"10345791","Il1rl1","interleukin 1 receptor-like 1","17082","6.23","189","189","189","23","40","30"
"10457733","B4galt6","UDP-Gal:betaGlcNAc beta 14-galactosyltransferase polypeptide 6","56386","6.02","297","297","297","25","98","49"
"10523134","Pf4","platelet factor 4","56744","5.99","178","178","178","28","31","30"
"10435043","Tm4sf19","transmembrane 4 L six family member 19","277203","5.72","349","349","349","58","65","61"
"10496580","Gbp3","guanylate binding protein 3","55932","5.71","336","336","336","54","64","59"
"10519555","Abcb1b","ATP-binding cassette sub-family B (MDR/TAP) member 1B","18669","5.65","254","254","254","26","78","45"
"10440099","St3gal6","ST3 beta-galactoside alpha-23-sialyltransferase 6","54613","5.54","320","320","320","49","69","58"
"10530145","Tlr1","toll-like receptor 1","21897","5.41","223","223","223","26","65","41"
"10532741","Tmem119","transmembrane protein 119","231633","5.02","376","376","376","65","86","75"
"10379518","Ccl7","chemokine (C-C motif) ligand 7","20306","4.76","387","387","387","81","82","81"
"10502823","Dnajb4","DnaJ (Hsp40) homolog subfamily B member 4","67035","4.75","394","394","394","66","105","83"
"10407126","Plk2","polo-like kinase 2 (Drosophila)","20620","4.70","514","514","514","108","110","109"
"10367982","Gpr126","G protein-coupled receptor 126","215798","4.68","185","185","185","30","52","39"
"10389894","Abcc3","ATP-binding cassette sub-family C (CFTR/MRP) member 3","76408","4.66","342","342","342","53","101","73"
"10531952","Abcg3","ATP-binding cassette sub-family G (WHITE) member 3","27405","4.58","201","201","201","21","92","44"
"10462613","Ifit2","interferon-induced protein with tetratricopeptide repeats 2","15958","4.54","191","191","191","27","65","42"
"10577641","1810011O10Rik","RIKEN cDNA 1810011O10 gene","69068","4.52","203","203","203","20","98","45"
"10399710","Rsad2","radical S-adenosyl methionine domain containing 2","58185","4.23","192","192","192","40","52","45"
"10533198","Oas2","2'-5' oligoadenylate synthetase 2","246728","4.15","241","241","241","54","63","58"
"10437243","Mefv","Mediterranean fever","54483","4.01","175","175","175","39","49","44"
"10489705","Slc13a3","solute carrier family 13 (sodium-dependent dicarboxylate transporter) member 3","114644","3.98","239","239","239","58","62","60"
"10541644","Cd163","CD163 antigen","93671","3.97","124","124","124","30","33","31"
"10365559","Igf1","insulin-like growth factor 1","16000","3.91","311","311","311","55","115","79"
"10560964","Pou2f2","POU domain class 2 transcription factor 2","18987","3.84","305","305","305","64","99","80"
"10501608","Vcam1","vascular cell adhesion molecule 1","22329","3.66","204","204","204","37","84","56"
"10543802","Plxna4","plexin A4","243743","3.65","191","191","191","48","57","52"
"10494351","Mtmr11","myotubularin related protein 11","194126","3.60","126","126","126","30","41","35"
"10530287","Apbb2","amyloid beta (A4) precursor protein-binding family B member 2","11787","3.56","230","230","230","56","74","64"
"10408693","F13a1","coagulation factor XIII A1 subunit","74145","3.51","160","160","160","41","51","46"
"10373452","Gm129","predicted gene 129","229599","3.51","151","151","151","27","68","43"
"10403034","LOC100046275","immunoglobulin heavy chain complex","111507","3.48","143","143","143","38","44","41"
"10371379","Nuak1","NUAK family SNF1-like kinase 1","77976","3.46","191","191","191","51","60","55"
"10401891","Ston2","stonin 2","108800","3.43","249","249","249","68","78","72"
"10496539","Gbp5","guanylate binding protein 5","229898","3.37","163","163","163","44","53","48"
"10408629","1300014I06Rik","RIKEN cDNA 1300014I06 gene","66895","3.33","148","148","148","39","51","44"
"10578264","Msr1","macrophage scavenger receptor 1","20288","3.26","122","122","122","16","87","37"
"10605884","Ophn1","oligophrenin 1","94190","3.12","232","232","232","53","106","75"
"10573082","Inpp4b","inositol polyphosphate-4-phosphatase type II","234515","3.08","175","175","175","32","99","57"
"10581992","Maf","avian musculoaponeurotic fibrosarcoma (v-maf) AS42 oncogene homolog","17132","3.07","313","313","313","93","111","102"
"10526853","Fam20c","family with sequence similarity 20 member C","80752","3.07","162","162","162","52","53","53"
"10579776","Arhgap10","Rho GTPase activating protein 10","78514","3.05","124","124","124","33","50","41"
"10347748","Acsl3","acyl-CoA synthetase long-chain family member 3","74205","2.94","155","155","155","44","62","53"
"10455873","Slc12a2","solute carrier family 12 member 2","20496","2.92","179","179","179","46","82","61"
"10567564","Cdr2","cerebellar degeneration-related 2","12585","2.91","303","303","303","91","119","104"
"10444890","Ier3","immediate early response 3","15937","2.89","211","211","211","68","78","73"
"10427744","Rai14","retinoic acid induced 14","75646","2.85","152","152","152","50","57","53"
"10547894","Cd4","CD4 antigen","12504","2.82","139","139","139","42","57","49"
"10447294","Prkce","protein kinase C epsilon","18754","2.80","195","195","195","64","76","70"
"10560919","Atp1a3","ATPase Na+/K+ transporting alpha 3 polypeptide","232975","2.75","289","289","289","93","119","105"
"10554094","Igf1r","insulin-like growth factor I receptor","16001","2.75","170","170","170","52","73","62"
"10498024","Slc7a11","solute carrier family 7 (cationic amino acid transporter y+ system) member 11","26570","2.75","174","174","174","35","115","63"
"10493812","S100a4","S100 calcium binding protein A4","20198","2.67","190","190","190","46","109","71"
"10606730","Armcx6","armadillo repeat containing X-linked 6","278097","2.66","191","191","191","62","82","72"
"10523182","Areg","amphiregulin","11839","2.64","193","193","193","65","82","73"
"10418355","Cacna1d","calcium channel voltage-dependent L type alpha 1D subunit","12289","2.63","135","135","135","45","59","52"
"10439321","Slc15a2","solute carrier family 15 (H+/peptide transporter) member 2","57738","2.62","165","165","165","49","80","63"
"10436892","Itsn1","intersectin 1 (SH3 domain protein 1A)","16443","2.60","226","226","226","67","113","87"
"10509577","Pla2g2d","phospholipase A2 group IID","18782","2.60","156","156","156","56","64","60"
"10392796","Cd300lb","CD300 antigen like family member B","217304","2.59","195","195","195","47","119","75"
"10389143","Slfn8","schlafen 8","276950","2.58","184","184","184","43","119","71"
"10433101","Gpr84","G protein-coupled receptor 84","80910","2.55","160","160","160","58","68","63"
"10574415","1700047G07Rik","RIKEN cDNA 1700047G07 gene","73323","2.49","177","177","177","55","93","71"
"10413710","Nt5dc2","5'-nucleotidase domain containing 2","70021","2.48","176","176","176","60","84","71"
"10535956","Stard13","StAR-related lipid transfer (START) domain containing 13","243362","2.47","140","140","140","32","98","56"
"10382254","9930022D16Rik","RIKEN cDNA 9930022D16 gene","320509","2.47","143","143","143","44","77","58"
"10501586","S1pr1","sphingosine-1-phosphate receptor 1","13609","2.44","157","157","157","54","76","64"
"10503334","Gem","GTP binding protein (gene overexpressed in skeletal muscle)","14579","2.43","145","145","145","40","89","60"
"10400143","Stxbp6","syntaxin binding protein 6 (amisyn)","217517","2.43","126","126","126","43","63","52"
"10383982","Znrf3","zinc and ring finger 3","407821","2.42","137","137","137","56","58","57"
"10496490","Mir1956","eukaryotic translation initiation factor 4E","13684","2.41","243","243","243","91","112","101"
"10517744","Arhgef10l","Rho guanine nucleotide exchange factor (GEF) 10-like","72754","2.40","201","201","201","79","89","84"
"10346330","Plcl1","phospholipase C-like 1","227120","2.38","143","143","143","54","67","60"
"10531980","Gbp9","cDNA sequence BC057170","236573","2.38","164","164","164","44","108","69"
"10578324","Mtus1","mitochondrial tumor suppressor 1","102103","2.37","133","133","133","47","68","56"
"10351781","Kcnj10","potassium inwardly-rectifying channel subfamily J member 10","16513","2.36","156","156","156","61","72","66"
"10511694","Osgin2","oxidative stress induced growth inhibitor family member 2","209212","2.34","172","172","172","73","74","74"
"10416837","Irg1","immunoresponsive gene 1","16365","2.34","125","125","125","47","61","54"
"10481804","Ralgps1","Ral GEF with PH domain and SH3 binding motif 1","241308","2.34","164","164","164","69","71","70"
"10357043","Bcl2","B-cell leukemia/lymphoma 2","12043","2.32","188","188","188","73","89","81"
"10555510","Pde2a","phosphodiesterase 2A cGMP-stimulated","207728","2.31","174","174","174","73","77","75"
"10360382","Ifi204","interferon activated gene 204","15951","2.30","135","135","135","48","71","59"
"10466680","Klf9","Kruppel-like factor 9","16601","2.28","140","140","140","56","67","62"
"10471945","Gm13476","zinc finger E-box binding homeobox 2","24136","2.28","164","164","164","46","113","72"
"10593927","Scamp5","secretory carrier membrane protein 5","56807","2.25","166","166","166","72","76","74"
"10569280","Dusp8","dual specificity phosphatase 8","18218","2.23","213","213","213","82","110","95"
"10584891","Fxyd2","FXYD domain-containing ion transport regulator 2","11936","2.22","130","130","130","52","65","59"
"10388211","Spns3","spinster homolog 3 (Drosophila)","77577","2.20","176","176","176","72","89","80"
"10558769","Ifitm1","interferon induced transmembrane protein 1","68713","2.18","193","193","193","66","119","89"
"10408280","Lrrc16a","leucine rich repeat containing 16A","68732","2.17","135","135","135","51","76","62"
"10406934","Etv1","ets variant gene 1","14009","2.16","126","126","126","40","86","58"
"10458828","Cdo1","cysteine dioxygenase 1 cytosolic","12583","2.16","145","145","145","55","83","67"
"10357676","Cdk18","PCTAIRE-motif protein kinase 3","18557","2.16","208","208","208","91","102","96"
"10377319","Myh10","myosin heavy polypeptide 10 non-muscle","77579","2.15","165","165","165","59","100","77"
"10595979","Mras","muscle and microspikes RAS","17532","2.13","130","130","130","40","94","61"
"10362811","Sesn1","sestrin 1","140742","2.13","220","220","220","96","111","103"
"10591632","Dock6","dedicator of cytokinesis 6","319899","2.12","171","171","171","62","105","80"
"10458983","March3","membrane-associated ring finger (C3HC4) 3","320253","2.11","169","169","169","62","104","80"
"10439955","Fam55c","family with sequence similarity 55 member C","385658","2.10","133","133","133","50","79","63"
"10416057","Clu","clusterin","12759","2.09","138","138","138","56","78","66"
"10427492","Gm10050","predicted gene 10050","791333","2.09","193","193","193","85","100","92"
"10444752","Ltb","lymphotoxin B","16994","2.07","196","196","196","89","101","95"
"10376832","Adora2b","adenosine A2b receptor","11541","2.07","139","139","139","66","69","67"
"10547641","Slc2a3","solute carrier family 2 (facilitated glucose transporter) member 3","20527","2.07","159","159","159","59","101","77"
"10431410","Mapk11","mitogen-activated protein kinase 11","19094","2.05","130","130","130","59","69","64"
"10421774","Dgkh","diacylglycerol kinase eta","380921","2.05","183","183","183","84","95","89"
"10606146","1700031F05Rik","RIKEN cDNA 1700031F05 gene","73300","2.03","147","147","147","68","77","72"
"10380634","Hoxb7","homeo box B7","15415","2.02","123","123","123","53","70","61"
"10469129","4930412O13Rik","RIKEN cDNA 4930412O13 gene","381347","2.01","132","132","132","59","72","66"
"10509568","Camk2n1","calcium/calmodulin-dependent protein kinase II inhibitor 1","66259","1.99","170","170","170","79","92","85"
"10385903","Pdlim4","PDZ and LIM domain 4","30794","1.99","151","151","151","66","87","76"
"10601152","Nlgn3","neuroligin 3","245537","1.98","129","129","129","58","72","65"
"10552433","Zfp658","zinc finger protein 658","210104","1.94","125","125","125","50","83","64"
"10508972","Gm5589","predicted gene 5589","434166","1.91","177","177","177","88","97","93"
"10532839","Trpv4","transient receptor potential cation channel subfamily V member 4","63873","1.90","140","140","140","67","81","74"
"10531407","Cxcl9","chemokine (C-X-C motif) ligand 9","17329","1.90","163","163","163","62","117","85"
"10529385","Zfyve28","zinc finger FYVE domain containing 28","231125","1.90","142","142","142","72","77","75"
"10384985","Rhbdf1","rhomboid family 1 (Drosophila)","13650","1.89","146","146","146","70","85","77"
"10536917","Smo","smoothened homolog (Drosophila)","319757","1.88","141","141","141","70","80","75"
"10491313","Cldn11","claudin 11","18417","1.88","145","145","145","71","84","77"
"10490665","Stmn3","stathmin-like 3","20262","1.85","143","143","143","74","81","77"
"10395604","Gm9804","predicted gene 9804","620583","1.84","175","175","175","88","102","95"
"10569972","Lass4","LAG1 homolog ceramide synthase 4","67260","1.84","135","135","135","60","90","74"
"10429621","Mafa","v-maf musculoaponeurotic fibrosarcoma oncogene family protein A (avian)","378435","1.83","193","193","193","101","110","106"
"10552796","Tsks","testis-specific serine kinase substrate","22116","1.83","154","154","154","79","89","84"
"10528913","Gm5129","predicted gene 5129","332993","1.83","176","176","176","83","111","96"
"10392221","Pecam1","platelet/endothelial cell adhesion molecule 1","18613","1.81","139","139","139","70","84","77"
"10563314","Dhdh","dihydrodiol dehydrogenase (dimeric)","71755","1.81","129","129","129","54","94","71"
"10566454","Prkcdbp","protein kinase C delta binding protein","109042","1.81","142","142","142","65","94","79"
"10532669","2900026A02Rik","RIKEN cDNA 2900026A02 gene","243219","1.80","167","167","167","86","99","93"
"10442311","Ccdc64b","coiled-coil domain containing 64B","212733","1.80","175","175","175","90","104","97"
"10568581","Nkx1-2","NK1 transcription factor related locus 2 (Drosophila)","20231","1.79","170","170","170","86","106","95"
"10427997","Ankrd33b","ankyrin repeat domain 33B","67434","1.79","120","120","120","57","78","67"
"10591129","Fat3","FAT tumor suppressor homolog 3 (Drosophila)","270120","1.78","179","179","179","92","110","101"
"10346810","Pard3b","par-3 partitioning defective 3 homolog B (C. elegans)","72823","1.78","155","155","155","83","91","87"
"10393749","2810410L24Rik","RIKEN cDNA 2810410L24 gene","100042332","1.77","120","120","120","66","70","68"
"10533849","Rilpl1","Rab interacting lysosomal protein-like 1","75695","1.76","146","146","146","75","92","83"
"10397450","Vash1","vasohibin 1","238328","1.76","170","170","170","86","109","97"
"10553080","Car11","carbonic anhydrase 11","12348","1.76","165","165","165","87","101","94"
"10547508","Cecr6","cat eye syndrome chromosome region candidate 6 homolog (human)","94047","1.76","151","151","151","80","92","86"
"10562251","Scn1b","sodium channel voltage-gated type I beta","20266","1.76","148","148","148","79","89","84"
"10472953","Hoxd11","homeo box D11","15431","1.76","139","139","139","72","87","79"
"10555186","Wnt11","wingless-related MMTV integration site 11","22411","1.76","154","154","154","68","111","87"
"10442603","Hs3st6","heparan sulfate (glucosamine) 3-O-sulfotransferase 6","328779","1.75","160","160","160","82","103","92"
"10584142","Ets1","E26 avian leukemia oncogene 1 5' domain","23871","1.75","156","156","156","73","109","89"
"10594092","Cd276","CD276 antigen","102657","1.74","177","177","177","101","103","102"
"10595981","Mras","muscle and microspikes RAS","17532","1.74","122","122","122","52","95","70"
"10569011","Ifitm5","interferon induced transmembrane protein 5","73835","1.74","134","134","134","60","98","77"
"10453456","Kcnk12","potassium channel subfamily K member 12","210741","1.74","171","171","171","86","113","98"
"10481329","Barhl1","BarH-like 1 (Drosophila)","54422","1.73","137","137","137","73","87","80"
"10366595","Dyrk2","RIKEN cDNA 4932442E05 gene","74415","1.72","134","134","134","71","85","78"
"10382713","Itgb4","integrin beta 4","192897","1.72","133","133","133","71","84","77"
"10398424","Mir668","","NA","1.72","144","144","144","73","95","84"
"10578423","Gm9908","hypothetical protein LOC100045396","100045396","1.71","165","165","165","83","113","96"
"10389238","Dusp14","dual specificity phosphatase 14","56405","1.71","154","154","154","83","98","90"
"10543676","1700080G18Rik","RIKEN cDNA 1700080G18 gene","73533","1.71","166","166","166","83","114","97"
"10409162","Susd3","sushi domain containing 3","66329","1.71","153","153","153","67","119","90"
"10357698","Tmcc2","transmembrane and coiled-coil domains 2","68875","1.70","121","121","121","50","102","71"
"10383313","Bahcc1","BAH domain and coiled-coil containing 1","268515","1.70","165","165","165","85","112","97"
"10407255","Gm6320","predicted gene 6320","622408","1.69","163","163","163","85","110","97"
"10420359","Gja3","gap junction protein alpha 3","14611","1.69","122","122","122","64","82","72"
"10597945","Tmem158","transmembrane protein 158","72309","1.68","133","133","133","71","89","79"
"10551736","Ppp1r14a","protein phosphatase 1 regulatory (inhibitor) subunit 14A","68458","1.68","143","143","143","71","102","85"
"10399021","Tmem121","transmembrane protein 121","69195","1.67","147","147","147","81","96","88"
"10490731","Sox18","SRY-box containing gene 18","20672","1.67","162","162","162","88","106","97"
"10372926","Mirlet7i","","NA","1.67","146","146","146","86","89","88"
"10603180","Chchd5","coiled-coil-helix-coiled-coil-helix domain containing 5","66170","1.67","143","143","143","78","94","86"
"10417208","Tmtc4","transmembrane and tetratricopeptide repeat containing 4","70551","1.67","162","162","162","93","102","97"
"10554471","Zscan2","zinc finger and SCAN domain containing 2","22691","1.67","121","121","121","72","73","72"
"10472930","Sp9","trans-acting transcription factor 9","381373","1.67","121","121","121","65","81","73"
"10370330","Krtap10-4","keratin associated protein 10-4","100191037","1.67","183","183","183","103","116","110"
"10564618","Fam174b","family with sequence similarity 174 member B","100038347","1.67","167","167","167","86","115","100"
"10515924","Rimkla","ribosomal modification protein rimK-like family member A","194237","1.66","158","158","158","86","105","95"
"10546434","Adamts9","a disintegrin-like and metallopeptidase (reprolysin type) with thrombospondin type 1 motif 9","101401","1.66","129","129","129","70","87","78"
"10542731","Rassf8","Ras association (RalGDS/AF-6) domain family (N-terminal) member 8","71323","1.66","141","141","141","83","86","85"
"10550980","Lypd3","Ly6/Plaur domain containing 3","72434","1.66","148","148","148","79","101","89"
"10476538","Btbd3","BTB (POZ) domain containing 3","228662","1.66","125","125","125","54","105","75"
"10481491","Ier5l","immediate early response 5-like","72500","1.66","178","178","178","99","117","108"
"10415649","Zdhhc20","zinc finger DHHC domain containing 20","75965","1.66","154","154","154","85","101","93"
"10600284","Srpk3","serine/arginine-rich protein specific kinase 3","56504","1.65","124","124","124","70","80","75"
"10559784","Olfr1347","olfactory receptor 1347","258383","1.65","133","133","133","72","89","80"
"10559276","Kcnq1","potassium voltage-gated channel subfamily Q member 1","16535","1.65","127","127","127","69","86","77"
"10567361","Gpr139","G protein-coupled receptor 139","209776","1.65","170","170","170","97","109","103"
"10529485","Htra3","HtrA serine peptidase 3","78558","1.65","127","127","127","76","79","77"
"10398338","Mir665","","NA","1.64","127","127","127","67","90","77"
"10371134","Gipc3","GIPC PDZ domain containing family member 3","209047","1.64","177","177","177","105","111","108"
"10443852","A530088E08Rik","RIKEN cDNA A430107D22 gene","320484","1.64","132","132","132","68","96","81"
"10480869","Sohlh1","spermatogenesis and oogenesis specific basic helix-loop-helix 1","227631","1.64","139","139","139","81","89","85"
"10547906","Lag3","lymphocyte-activation gene 3","16768","1.63","120","120","120","61","89","74"
"10449435","Tulp1","tubby like protein 1","22157","1.63","137","137","137","79","89","84"
"10412417","3110070M22Rik","RIKEN cDNA 3110070M22 gene","67304","1.63","146","146","146","85","95","90"
"10560886","Cd177","CD177 antigen","68891","1.63","126","126","126","70","86","78"
"10452082","Znrf4","zinc and ring finger 4","20834","1.63","130","130","130","74","85","79"
"10478364","Tox2","TOX high mobility group box family member 2","269389","1.62","172","172","172","99","113","106"
"10402440","Gsc","goosecoid homeobox","14836","1.62","155","155","155","93","99","96"
"10531627","A930011G23Rik","RIKEN cDNA A930011G23 gene","319818","1.62","177","177","177","103","115","109"
"10368222","4930444G20Rik","RIKEN cDNA 4930444G20 gene","114671","1.62","161","161","161","83","120","99"
"10403945","Hist1h4j","similar to histone H4","100041230","1.62","136","136","136","75","93","84"
"10392142","Cd79b","CD79B antigen","15985","1.62","135","135","135","71","99","83"
"10577782","Htra4","HtrA serine peptidase 4","330723","1.62","161","161","161","99","99","99"
"10558866","Drd4","dopamine receptor 4","13491","1.62","181","181","181","104","119","112"
"10470959","Phyhd1","phytanoyl-CoA dioxygenase domain containing 1","227696","1.62","158","158","158","87","110","98"
"10604111","Rhox1","reproductive homeobox 1","385343","1.62","140","140","140","77","97","86"
"10449523","Pxt1","peroxisomal testis specific 1","69307","1.61","135","135","135","77","90","84"
"10357888","Ppfia4","protein tyrosine phosphatase receptor type f polypeptide (PTPRF) interacting protein (liprin) alpha 4","68507","1.61","125","125","125","73","83","78"
"10415411","Nynrin","cDNA sequence BC030046","277154","1.61","120","120","120","68","82","75"
"10485070","Mdk","midkine","17242","1.61","123","123","123","69","86","77"
"10480849","Fcna","ficolin A","14133","1.61","128","128","128","72","88","80"
"10408739","Dsp","desmoplakin","109620","1.60","153","153","153","90","102","95"
"10445670","Mrps10","mitochondrial ribosomal protein S10","64657","1.60","133","133","133","81","85","83"
"10515242","Nsun4","NOL1/NOP2/Sun domain family member 4","72181","1.60","137","137","137","74","98","85"
"10497475","Agtr1b","angiotensin II receptor type 1b","11608","1.60","143","143","143","88","91","89"
"10451193","E030047D23Rik","RIKEN cDNA E030047D23 gene","100038605","1.60","156","156","156","92","102","97"
"10533474","1500011H22Rik","RIKEN cDNA 1500011H22 gene","68948","1.59","129","129","129","69","95","81"
"10371387","Ckap4","cytoskeleton-associated protein 4","216197","1.59","153","153","153","89","104","96"
"10363475","Prf1","perforin 1 (pore forming protein)","18646","1.59","137","137","137","85","88","86"
"10363915","Pcdh15","predicted gene 9815","432471","1.59","168","168","168","98","114","106"
"10563797","Dbx1","developing brain homeobox 1","13172","1.59","124","124","124","70","87","78"
"10550514","Nova2","neuro-oncological ventral antigen 2","384569","1.59","138","138","138","78","96","86"
"10430384","Elfn2","leucine rich repeat and fibronectin type III extracellular 2","207393","1.59","124","124","124","73","83","78"
"10381809","Itgb3","integrin beta 3","16416","1.59","124","124","124","67","91","78"
"10456756","Zbtb7c","zinc finger and BTB domain containing 7C","207259","1.59","141","141","141","86","92","89"
"10449765","Pdxk-ps","pyridoxal (pyridoxine vitamin B6) kinase pseudogene","435518","1.58","121","121","121","75","79","77"
"10532590","Myo18b","myosin XVIIIb","74376","1.58","124","124","124","76","82","79"
"10393436","Tha1","threonine aldolase 1","71776","1.58","152","152","152","90","104","96"
"10486320","6330405D24Rik","RIKEN cDNA 6330405D24 gene","70715","1.58","165","165","165","94","116","104"
"10531189","Adamts3","a disintegrin-like and metallopeptidase (reprolysin type) with thrombospondin type 1 motif 3","330119","1.58","123","123","123","70","87","78"
"10345879","Pou3f3","POU domain class 3 transcription factor 3","18993","1.58","135","135","135","82","89","85"
"10518735","Spsb1","splA/ryanodine receptor domain and SOCS box containing 1","74646","1.58","146","146","146","83","103","93"
"10568169","Qprt","quinolinate phosphoribosyltransferase","67375","1.58","141","141","141","84","95","89"
"10458415","Gm10545","predicted gene 10545","100049566","1.57","129","129","129","78","86","82"
"10565689","Capn5","calpain 5","12337","1.57","152","152","152","87","108","97"
"10473750","C1qtnf4","C1q and tumor necrosis factor related protein 4","67445","1.57","126","126","126","74","87","80"
"10429409","Gm628","predicted gene 628","268816","1.57","144","144","144","80","104","92"
"10433055","Mir688","","NA","1.57","136","136","136","78","97","87"
"10465424","Nrxn2","neurexin II","18190","1.57","123","123","123","72","85","78"
"10389668","Olfr462","olfactory receptor 462","258406","1.57","145","145","145","84","102","92"
"10535972","D730045B01Rik","RIKEN cDNA D730045B01 gene","77867","1.57","143","143","143","85","98","91"
"10516735","Tinagl1","tubulointerstitial nephritis antigen-like 1","94242","1.57","153","153","153","85","113","98"
"10351035","Gas5","growth arrest specific 5","14455","1.57","140","140","140","77","103","89"
"10485582","Tcp11l1","t-complex 11 like 1","320554","1.57","131","131","131","61","114","83"
"10486262","Ltk","leukocyte tyrosine kinase","17005","1.57","135","135","135","80","93","86"
"10397736","Kcnk13","potassium channel subfamily K member 13","217826","1.56","120","120","120","53","111","77"
"10447938","Dact2","dapper homolog 2 antagonist of beta-catenin (xenopus)","240025","1.56","142","142","142","83","100","91"
"10557308","Hs3st4","heparan sulfate (glucosamine) 3-O-sulfotransferase 4","628779","1.56","181","181","181","116","116","116"
"10476814","Insm1","insulinoma-associated 1","53626","1.56","150","150","150","91","101","96"
"10349913","Kiss1","KiSS-1 metastasis-suppressor","280287","1.56","162","162","162","98","109","103"
"10430255","Foxred2","FAD-dependent oxidoreductase domain containing 2","239554","1.56","137","137","137","82","94","88"
"10358609","Hmcn1","hemicentin 1","545370","1.55","136","136","136","78","98","88"
"10413733","Sema3g","sema domain immunoglobulin domain (Ig) short basic domain secreted (semaphorin) 3G","218877","1.55","135","135","135","83","92","87"
"10538377","Wipf3","WAS/WASL interacting protein family member 3","330319","1.55","158","158","158","90","115","102"
"10507131","Tal1","T-cell acute lymphocytic leukemia 1","21349","1.55","151","151","151","97","98","98"
"10416332","Fam160b2","RIKEN cDNA B930095I24Rik gene","791332","1.55","140","140","140","81","101","90"
"10390618","Neurod2","neurogenic differentiation 2","18013","1.55","128","128","128","70","97","83"
"10508770","Gm13033","predicted gene 13033","100038703","1.55","124","124","124","62","103","80"
"10583529","Icam4","intercellular adhesion molecule 4 Landsteiner-Wiener blood group","78369","1.55","121","121","121","71","87","78"
"10426557","Pfkm","phosphofructokinase muscle","18642","1.55","129","129","129","79","87","83"
"10410501","Irx1","Iroquois related homeobox 1 (Drosophila)","16371","1.55","133","133","133","75","98","86"
"10474972","Chac1","ChaC cation transport regulator-like 1 (E. coli)","69065","1.54","156","156","156","89","116","101"
"10562419","Lrp3","low density lipoprotein receptor-related protein 3","435965","1.54","120","120","120","69","88","78"
"10497335","1810022K09Rik","RIKEN cDNA 1810022K09 gene","69126","1.54","156","156","156","93","110","101"
"10514919","Dmrtb1","DMRT-like family B with proline-rich C-terminal 1","56296","1.54","131","131","131","80","90","85"
"10425914","Upk3a","uroplakin 3A","22270","1.54","137","137","137","84","94","89"
"10570513","Kbtbd11","RIKEN cDNA 2900016B01 gene","67262","1.54","162","162","162","95","117","105"
"10509178","Asap3","ArfGAP with SH3 domain ankyrin repeat and PH domain 3","230837","1.54","131","131","131","78","94","86"
"10367600","Esr1","estrogen receptor 1 (alpha)","13982","1.54","122","122","122","57","110","80"
"10377467","Hes7","hairy and enhancer of split 7 (Drosophila)","84653","1.54","163","163","163","104","108","106"
"10545252","Igk-V21-2","immunoglobulin kappa chain variable 21 (V21)-2","626583","1.53","141","141","141","81","104","92"
"10349980","Mybph","myosin binding protein H","53311","1.53","128","128","128","74","95","84"
"10388623","Mir423","","NA","1.53","126","126","126","75","90","82"
"10509590","Pla2g2e","phospholipase A2 group IIE","26970","1.53","122","122","122","73","87","80"
"10576881","Gm7461","predicted gene 7461","665044","1.53","136","136","136","81","98","89"
"10582719","Sipa1l2","signal-induced proliferation-associated 1 like 2","244668","1.53","156","156","156","98","107","102"
"10426242","Chkb","choline kinase beta","12651","1.53","147","147","147","91","102","96"
"10460556","Gal3st3","galactose-3-O-sulfotransferase 3","545276","1.53","168","168","168","102","118","110"
"10370339","Trpm2","transient receptor potential cation channel subfamily M member 2","28240","1.52","123","123","123","58","113","81"
"10411459","Tmem171","transmembrane protein 171","380863","1.52","128","128","128","74","96","84"
"10385155","Fbll1","fibrillarin-like 1","237730","1.52","166","166","166","103","116","109"
"10348713","E030010N08Rik","RIKEN cDNA E030010N08 gene","381284","1.52","149","149","149","88","109","98"
"10569719","A430078G23Rik","RIKEN cDNA A430078G23 gene","319493","1.52","168","168","168","109","112","110"
"10384212","Wap","whey acidic protein","22373","1.52","134","134","134","88","88","88"
"10420021","Dcaf11","DDB1 and CUL4 associated factor 11","28199","1.52","124","124","124","63","105","81"
"10585438","Crabp1","cellular retinoic acid binding protein I","12903","1.52","121","121","121","65","97","80"
"10430324","Tmprss6","transmembrane serine protease 6","71753","1.52","159","159","159","92","119","105"
"10568318","Prss53","cDNA sequence BC039632","330657","1.52","139","139","139","86","98","92"
"10569437","Phlda2","pleckstrin homology-like domain family A member 2","22113","1.51","126","126","126","79","87","83"
"10398635","Amn","amnionless","93835","1.51","141","141","141","83","106","93"
"10463277","Nkx2-3","NK2 transcription factor related locus 3 (Drosophila)","18089","1.51","136","136","136","84","96","90"
"10514329","Ifnz","interferon zeta","319146","1.51","168","168","168","111","111","111"
"10453426","Atp6v1e2","ATPase H+ transporting lysosomal V1 subunit E2","74915","1.51","125","125","125","79","87","83"
"10385048","Tlx3","T-cell leukemia homeobox 3","27140","1.51","126","126","126","78","89","83"
"10551801","C230062I16Rik","RIKEN cDNA C230062I16 gene","625421","1.51","145","145","145","89","103","96"
"10555256","Gm10605","predicted gene 10605","100038557","1.51","164","164","164","101","116","109"
"10540085","Fbln2","fibulin 2","14115","1.51","132","132","132","87","89","88"
"10580473","Zfp423","zinc finger protein 423","94187","1.51","126","126","126","76","92","83"
"10420747","Gata4","GATA binding protein 4","14463","1.51","137","137","137","87","95","91"
"10574057","Mir138-2","","NA","1.51","125","125","125","76","91","83"
"10407291","Arl15","ADP-ribosylation factor-like 15","218639","1.51","137","137","137","85","98","91"
"10560414","Ccdc61","coiled-coil domain containing 61","232933","1.51","170","170","170","111","115","113"
"10390484","Cwc25","coiled-coil domain containing 49","67480","1.51","157","157","157","103","105","104"
"10542414","Ptpro","protein tyrosine phosphatase receptor type O","19277","1.50","127","127","127","71","101","84"
"10351546","Apoa2","apolipoprotein A-II","11807","1.50","130","130","130","84","90","87"
"10370798","Adamtsl5","ADAMTS-like 5","66548","1.50","132","132","132","81","96","88"
"10383005","Gm12581","predicted gene 12581","546519","1.50","130","130","130","79","96","87"
"10576854","Ctxn1","cortexin 1","330695","1.50","130","130","130","80","94","87"
"10535378","D430018E03Rik","RIKEN cDNA D430018E03 gene","442800","1.50","121","121","121","80","82","81"
"10468037","Pdzd7","","NA","1.49","143","143","143","94","99","96"
"10569429","Cdkn1c","cyclin-dependent kinase inhibitor 1C (P57)","12577","1.49","148","148","148","90","109","99"
"10497682","Kcnmb3","potassium large conductance calcium-activated channel subfamily M beta member 3","435726","1.49","155","155","155","96","113","104"
"10477551","1700003F12Rik","RIKEN cDNA 1700003F12 gene","75480","1.49","132","132","132","85","93","89"
"10452907","Fez2","fasciculation and elongation protein zeta 2 (zygin II)","225020","1.49","128","128","128","85","87","86"
"10560614","Apoc4","apolipoprotein C-IV","11425","1.49","160","160","160","104","112","108"
"10368224","E030030I06Rik","RIKEN cDNA E030030I06 gene","319887","1.49","122","122","122","82","82","82"
"10379436","Rhbdl3","rhomboid veinlet-like 3 (Drosophila)","246104","1.49","133","133","133","83","96","89"
"10409551","Pitx1","paired-like homeodomain transcription factor 1","18740","1.49","133","133","133","81","98","89"
"10461423","Fads3","fatty acid desaturase 3","60527","1.49","130","130","130","82","93","87"
"10438347","Tbx1","T-box 1","21380","1.49","130","130","130","80","96","88"
"10509163","Id3","inhibitor of DNA binding 3","15903","1.49","140","140","140","75","116","94"
"10389127","Unc45b","unc-45 homolog B (C. elegans)","217012","1.49","152","152","152","94","111","102"
"10349340","C1ql2","complement component 1 q subcomponent-like 2","226359","1.49","135","135","135","82","99","90"
"10556573","1110006G14Rik","RIKEN cDNA 1110006G14 gene","68469","1.49","131","131","131","82","96","88"
"10399751","Colec11","collectin sub-family member 11","71693","1.48","153","153","153","92","116","103"
"10478907","Pard6b","par-6 (partitioning defective 6) homolog beta (C. elegans)","58220","1.48","135","135","135","85","99","92"
"10550557","Rsph6a","radial spokehead-like 1","83434","1.48","123","123","123","82","84","83"
"10564777","Kif7","kinesin family member 7","16576","1.48","158","158","158","104","110","107"
"10477069","Tcf15","transcription factor 15","21407","1.48","121","121","121","75","88","81"
"10426704","Kcnh3","potassium voltage-gated channel subfamily H (eag-related) member 3","16512","1.48","122","122","122","77","88","82"
"10510880","Megf6","multiple EGF-like-domains 6","230971","1.48","145","145","145","90","107","98"
"10425623","Csdc2","cold shock domain containing C2 RNA binding","105859","1.48","123","123","123","79","87","83"
"10589059","Mir425","","NA","1.48","128","128","128","72","104","87"
"10562223","Fxyd3","FXYD domain-containing ion transport regulator 3","17178","1.48","125","125","125","76","93","84"
"10595718","Chst2","carbohydrate sulfotransferase 2","54371","1.48","150","150","150","94","110","101"
"10371578","Ascl1","achaete-scute complex homolog 1 (Drosophila)","17172","1.48","131","131","131","84","94","89"
"10459075","Myoz3","myozenin 3","170947","1.48","156","156","156","99","112","105"
"10434165","Arvcf","armadillo repeat gene deleted in velo-cardio-facial syndrome","11877","1.48","152","152","152","100","104","102"
"10576386","Rhou","ras homolog gene family member U","69581","1.48","136","136","136","85","100","92"
"10388994","Gm10386","predicted gene 10386","100038598","1.48","128","128","128","76","99","87"
"10364810","Onecut3","one cut domain family member 3","246086","1.47","149","149","149","94","110","102"
"10514340","Cdkn2a","cyclin-dependent kinase inhibitor 2A","12578","1.47","153","153","153","100","108","104"
"10425601","Tef","thyrotroph embryonic factor","21685","1.47","147","147","147","92","109","100"
"10533751","Pitpnm2","phosphatidylinositol transfer protein membrane-associated 2","19679","1.47","156","156","156","96","118","107"
"10359027","Lhx4","LIM homeobox protein 4","16872","1.47","150","150","150","95","109","102"
"10449608","Mdga1","MAM domain containing glycosylphosphatidylinositol anchor 1","74762","1.47","149","149","149","94","110","102"
"10540028","Klf15","Kruppel-like factor 15","66277","1.47","133","133","133","83","99","91"
"10363112","Vgll2","vestigial like 2 homolog (Drosophila)","215031","1.47","161","161","161","101","117","109"
"10428068","Tspyl5","testis-specific protein Y-encoded-like 5","239364","1.47","144","144","144","87","110","98"
"10444883","Cdsn","corneodesmosin","386463","1.47","123","123","123","82","84","83"
"10520506","Kcnk3","potassium channel subfamily K member 3","16527","1.47","143","143","143","92","102","97"
"10580082","Rfx1","RIKEN cDNA C330011M18 gene","442802","1.47","144","144","144","92","103","97"
"10538159","Gm7932","predicted gene 7932","666105","1.47","158","158","158","104","112","108"
"10546088","H1fx","H1 histone family member X","243529","1.47","143","143","143","91","104","98"
"10419814","Cdh24","cadherin-like 24","239096","1.47","147","147","147","93","106","100"
"10597878","C85492","expressed sequence C85492","215494","1.46","150","150","150","102","103","103"
"10355871","Obsl1","obscurin-like 1","98733","1.46","147","147","147","94","109","101"
"10531994","Mpa2l","macrophage activation 2 like","100702","1.46","151","151","151","91","118","103"
"10558961","Tspan4","tetraspanin 4","64540","1.46","127","127","127","78","96","87"
"10585015","Apoa5","apolipoprotein A-V","66113","1.46","124","124","124","77","93","85"
"10596023","Sox14","SRY-box containing gene 14","20669","1.46","148","148","148","94","108","101"
"10492091","Smad9","MAD homolog 9 (Drosophila)","55994","1.46","149","149","149","100","104","102"
"10507905","Pou3f1","POU domain class 3 transcription factor 1","18991","1.46","122","122","122","77","91","84"
"10488497","Vsx1","visual system homeobox 1 homolog (zebrafish)","114889","1.46","121","121","121","83","83","83"
"10426894","Gm10035","predicted gene 10035","668178","1.46","141","141","141","84","111","97"
"10572461","Gm16486","RIKEN cDNA 2410018E23 gene","637079","1.46","127","127","127","82","92","87"
"10394158","Kif3c","kinesin family member 3C","16570","1.46","127","127","127","68","111","87"
"10391508","Sost","sclerostin","74499","1.46","152","152","152","95","113","104"
"10421685","Serp2","stress-associated endoplasmic reticulum protein family member 2","72661","1.46","138","138","138","89","100","94"
"10421418","Epb4.9","erythrocyte protein band 4.9","13829","1.46","122","122","122","74","94","83"
"10487685","Avp","arginine vasopressin","11998","1.46","129","129","129","81","96","88"
"10596409","Gm7455","predicted gene 7455","665033","1.46","132","132","132","85","97","91"
"10347491","Wnt6","wingless-related MMTV integration site 6","22420","1.45","121","121","121","77","90","84"
"10570180","Gm5607","predicted gene 5607","434280","1.45","141","141","141","95","100","97"
"10533003","1110006O24Rik","RIKEN cDNA 1110006O24 gene","66123","1.45","151","151","151","98","111","104"
"10552758","Mir707","AKT1 substrate 1 (proline-rich)","67605","1.45","141","141","141","86","110","97"
"10508500","Bai2","brain-specific angiogenesis inhibitor 2","230775","1.45","128","128","128","86","90","88"
"10447634","Gm9992","predicted gene 9992","667055","1.45","139","139","139","93","98","96"
"10434105","Scarf2","scavenger receptor class F member 2","224024","1.44","141","141","141","94","103","98"
"10429402","Gpr20","G protein-coupled receptor 20","239530","1.44","136","136","136","84","107","95"
"10529077","Ucn","urocortin","22226","1.44","127","127","127","84","91","88"
"10498413","9330121J05Rik","","NA","1.44","150","150","150","95","115","104"
"10555862","Trim34","tripartite motif-containing 34","94094","1.44","167","167","167","114","118","116"
"10550706","Exoc3l2","exocyst complex component 3-like 2","74463","1.44","143","143","143","90","109","99"
"10373740","Pik3ip1","phosphoinositide-3-kinase interacting protein 1","216505","1.44","148","148","148","90","118","103"
"10396652","Hspa2","heat shock protein 2","15512","1.44","126","126","126","83","92","87"
"10379482","Cdk5r1","cyclin-dependent kinase 5 regulatory subunit 1 (p35)","12569","1.44","136","136","136","91","98","94"
"10571752","Dctd","dCMP deaminase","320685","1.44","127","127","127","83","93","88"
"10397112","Papln","papilin proteoglycan-like sulfated glycoprotein","170721","1.44","140","140","140","92","102","97"
"10411169","Gm9776","predicted gene 9776","328309","1.44","125","125","125","78","96","87"
"10364494","Fstl3","follistatin-like 3","83554","1.44","141","141","141","84","115","98"
"10411527","Cartpt","CART prepropeptide","27220","1.44","145","145","145","93","109","100"
"10557372","D430042O09Rik","RIKEN cDNA D430042O09 gene","233865","1.44","145","145","145","99","102","101"
"10552871","Pth2","parathyroid hormone 2","114640","1.43","146","146","146","92","113","102"
"10471464","St6galnac6","ST6 (alpha-N-acetyl-neuraminyl-23-beta-galactosyl-13)-N-acetylgalactosaminide alpha-26-sialyltransferase 6","50935","1.43","154","154","154","100","116","108"
"10568916","Msx3","homeobox msh-like 3","17703","1.43","131","131","131","87","97","92"
"10524089","Plcxd1","phosphatidylinositol-specific phospholipase C X domain containing 1","403178","1.43","137","137","137","89","103","96"
"10552942","Lhb","luteinizing hormone beta","16866","1.43","145","145","145","98","105","101"
"10365015","Zfr2","zinc finger RNA binding protein 2","103406","1.43","146","146","146","90","116","102"
"10521385","Hmx1","H6 homeo box 1","15371","1.43","124","124","124","79","95","87"
"10414784","Gm26","gene model 26 (NCBI)","195296","1.43","122","122","122","82","89","85"
"10357339","Lypd1","Ly6/Plaur domain containing 1","72585","1.43","128","128","128","82","97","89"
"10581750","Clec18a","C-type lectin domain family 18 member A","353287","1.43","159","159","159","105","118","111"
"10547869","Leprel2","leprecan-like 2","14789","1.43","132","132","132","90","94","92"
"10405757","2010111I01Rik","RIKEN cDNA 2010111I01 gene","72061","1.43","132","132","132","77","111","92"
"10394109","Rab40b","Rab40b member RAS oncogene family","217371","1.43","125","125","125","79","95","87"
"10524572","Tchp","trichoplein keratin filament binding","77832","1.42","120","120","120","79","91","85"
"10525921","Tmem132b","transmembrane protein 132B","208151","1.42","131","131","131","90","94","92"
"10360858","C130074G19Rik","RIKEN cDNA C130074G19 gene","226777","1.42","132","132","132","87","100","93"
"10455297","Gm4838","predicted gene 4838","225416","1.42","127","127","127","79","101","89"
"10458355","Apbb3","amyloid beta (A4) precursor protein-binding family B member 3","225372","1.42","125","125","125","86","91","89"
"10576115","Il17c","interleukin 17C","234836","1.42","137","137","137","94","98","96"
"10592330","Nrgn","neurogranin","64011","1.42","134","134","134","93","96","94"
"10432918","Krt8","keratin 8","16691","1.42","148","148","148","100","109","104"
"10398824","A530016L24Rik","RIKEN cDNA A530016L24 gene","319942","1.42","131","131","131","83","103","92"
"10559558","Tnni3","troponin I cardiac 3","21954","1.42","129","129","129","81","103","91"
"10561942","Kirrel2","kin of IRRE like 2 (Drosophila)","243911","1.42","122","122","122","84","89","86"
"10600755","Arx","aristaless related homeobox","11878","1.42","149","149","149","95","117","105"
"10391828","C1ql1","complement component 1 q subcomponent-like 1","23829","1.42","121","121","121","77","94","85"
"10487000","Shf","Src homology 2 domain containing F","435684","1.42","128","128","128","84","97","91"
"10497617","Arpm1","actin related protein M1","76652","1.42","126","126","126","84","93","88"
"10490551","Nkain4","Na+/K+ transporting ATPase interacting 4","58237","1.42","129","129","129","83","100","91"
"10522604","Gm7467","predicted gene 7467","665055","1.41","149","149","149","99","111","105"
"10432677","Fignl2","fidgetin-like 2","668225","1.41","138","138","138","91","105","97"
"10399696","Rnf144a","ring finger protein 144A","108089","1.41","139","139","139","96","101","99"
"10532582","Myo18b","myosin XVIIIb","74376","1.41","128","128","128","87","95","91"
"10456248","Onecut2","one cut domain family member 2","225631","1.41","152","152","152","98","117","108"
"10432488","Bcdin3d","BCDIN3 domain containing","75284","1.41","125","125","125","88","90","89"
"10584691","Ccdc153","coiled-coil domain containing 153","270150","1.41","129","129","129","86","97","91"
"10539444","Vax2","ventral anterior homeobox containing gene 2","24113","1.41","126","126","126","83","96","90"
"10390256","Gm11529","predicted gene 11529","100038600","1.41","128","128","128","84","99","91"
"10545638","Tlx2","T-cell leukemia homeobox 2","21909","1.41","131","131","131","87","100","93"
"10598093","Tarm1","predicted gene 9904","245126","1.41","126","126","126","80","101","90"
"10547396","Wnt5b","wingless-related MMTV integration site 5B","22419","1.41","129","129","129","89","94","91"
"10566140","Olfr545","olfactory receptor 544","257926","1.41","131","131","131","87","100","93"
"10429430","Gm628","predicted gene 628","268816","1.41","133","133","133","89","100","94"
"10378637","Scarf1","scavenger receptor class F member 1","380713","1.40","155","155","155","109","112","111"
"10533261","Rph3a","rabphilin 3A","19894","1.40","134","134","134","95","96","95"
"10409369","Sncb","synuclein beta","104069","1.40","131","131","131","88","99","93"
"10352192","Ahctf1","AT hook containing transcription factor 1","226747","1.40","145","145","145","99","108","104"
"10369485","Col13a1","collagen type XIII alpha 1","12817","1.40","151","151","151","98","118","108"
"10463513","9130011E15Rik","RIKEN cDNA 4930505N22 gene","100174921","1.40","148","148","148","99","112","105"
"10387251","2310047M10Rik","RIKEN cDNA 2310047M10 gene","71923","1.40","139","139","139","89","110","99"
"10500021","Cgn","cingulin","70737","1.40","132","132","132","90","99","94"
"10429528","Ly6k","lymphocyte antigen 6 complex locus K","76486","1.39","135","135","135","98","98","98"
"10381109","Gm11565","predicted gene 11565","670550","1.39","136","136","136","93","103","98"
"10449419","Tead3","TEA domain family member 3","21678","1.39","123","123","123","80","97","88"
"10518882","Espn","espin","56226","1.39","151","151","151","108","111","109"
"10416189","Nkx2-6","NK2 transcription factor related locus 6 (Drosophila)","18092","1.39","146","146","146","95","116","105"
"10531790","Nkx6-1","NK6 homeobox 1","18096","1.39","121","121","121","80","94","87"
"10474004","Dgkz","diacylglycerol kinase zeta","104418","1.39","143","143","143","102","104","103"
"10508012","Rspo1","R-spondin homolog (Xenopus laevis)","192199","1.39","134","134","134","84","110","96"
"10563253","Lin7b","lin-7 homolog B (C. elegans)","22342","1.39","161","161","161","113","120","116"
"10575763","Gan","giant axonal neuropathy","209239","1.39","154","154","154","108","114","111"
"10557106","Hs3st2","heparan sulfate (glucosamine) 3-O-sulfotransferase 2","195646","1.39","132","132","132","92","99","95"
"10456136","Il17b","interleukin 17B","56069","1.39","125","125","125","85","95","90"
"10421361","Bmp1","bone morphogenetic protein 1","12153","1.38","139","139","139","91","112","101"
"10588075","Gm6406","predicted gene 6406","623186","1.38","151","151","151","105","114","110"
"10583929","B3gat1","beta-13-glucuronyltransferase 1 (glucuronosyltransferase P)","76898","1.38","130","130","130","90","99","94"
"10445992","Shd","src homology 2 domain-containing transforming protein D","20420","1.38","131","131","131","89","100","94"
"10573288","Palm3","RIKEN cDNA 4432412L15 gene","74337","1.38","121","121","121","85","91","88"
"10358816","Lamc1","laminin gamma 1","226519","1.38","143","143","143","92","117","104"
"10388476","Rph3al","rabphilin 3A-like (without C2 domains)","380714","1.38","142","142","142","100","105","103"
"10481574","Fam78a","family with sequence similarity 78 member A","241303","1.38","126","126","126","76","108","91"
"10359816","Pogk","pogo transposable element with KRAB domain","71592","1.38","123","123","123","80","100","89"
"10385870","Irf1","interferon regulatory factor 1","16362","1.38","121","121","121","76","100","87"
"10393197","Evpl","envoplakin","14027","1.38","142","142","142","96","110","103"
"10558914","Rplp2","ribosomal protein large P2","67186","1.38","139","139","139","91","111","101"
"10517924","Clcnkb","chloride channel Kb","56365","1.38","132","132","132","88","105","96"
"10580061","Il27ra","interleukin 27 receptor alpha","50931","1.38","122","122","122","71","110","89"
"10464688","Ankrd13d","ankyrin repeat domain 13 family member D","68423","1.38","136","136","136","95","102","99"
"10529237","Yes1","Yamaguchi sarcoma viral (v-yes) oncogene homolog 1","22612","1.37","138","138","138","90","113","101"
"10568805","Nkx6-2","NK6 homeobox 2","14912","1.37","152","152","152","105","118","111"
"10376490","Wnt9a","wingless-type MMTV integration site 9A","216795","1.37","133","133","133","87","108","97"
"10575909","Adad2","adenosine deaminase domain containing 2","75773","1.37","136","136","136","96","102","99"
"10588942","Lamb2","laminin beta 2","16779","1.37","124","124","124","82","100","91"
"10382482","Otop2","otopetrin 2","237987","1.37","134","134","134","95","101","98"
"10535312","Radil","Ras association and DIL domains","231858","1.37","135","135","135","93","105","99"
"10584653","C1qtnf5","C1q and tumor necrosis factor related protein 5","235312","1.37","123","123","123","87","93","90"
"10572345","Homer3","homer homolog 3 (Drosophila)","26558","1.37","159","159","159","114","119","116"
"10368092","Hebp2","heme binding protein 2","56016","1.37","141","141","141","94","112","103"
"10439835","Gm4802","predicted gene 4802","216818","1.37","130","130","130","82","110","95"
"10476791","4930529M08Rik","RIKEN cDNA 4930529M08 gene","78774","1.37","125","125","125","88","95","91"
"10506150","Foxd3","forkhead box D3","15221","1.37","120","120","120","79","98","88"
"10499354","Bglap-rs1","bone gamma-carboxyglutamate protein related sequence 1","12095","1.37","147","147","147","98","117","107"
"10518714","Tmem201","transmembrane protein 201","230917","1.37","155","155","155","112","114","113"
"10493235","Paqr6","progestin and adipoQ receptor family member VI","68957","1.37","151","151","151","103","118","111"
"10458997","Prrc1","proline-rich coiled-coil 1","73137","1.37","123","123","123","83","96","89"
"10445629","Tbcc","tubulin-specific chaperone C","72726","1.37","130","130","130","93","98","95"
"10452085","Safb2","scaffold attachment factor B2","224902","1.37","151","151","151","109","112","111"
"10455572","Gm949","predicted gene 949","381142","1.36","125","125","125","89","95","92"
"10594524","Ankdd1a","ankyrin repeat and death domain containing 1A","384945","1.36","139","139","139","92","112","102"
"10568921","Caly","calcyon neuron-specific vesicular protein","68566","1.36","130","130","130","88","104","96"
"10434229","Cldn5","claudin 5","12741","1.36","133","133","133","97","99","98"
"10387170","Ntn1","netrin 1","18208","1.36","133","133","133","89","107","97"
"10410366","Zfp738","RIKEN cDNA 3830402I07 gene","408068","1.36","145","145","145","106","108","107"
"10392881","Fdxr","ferredoxin reductase","14149","1.36","126","126","126","88","99","93"
"10545771","Cyp26b1","cytochrome P450 family 26 subfamily b polypeptide 1","232174","1.36","139","139","139","94","110","102"
"10528686","Crygn","crystallin gamma N","214301","1.36","144","144","144","96","118","106"
"10347310","Pnkd","paroxysmal nonkinesiogenic dyskinesia","56695","1.36","141","141","141","95","114","104"
"10471833","Lhx2","LIM homeobox protein 2","16870","1.36","125","125","125","92","92","92"
"10469951","Rnf208","ring finger protein 208","68846","1.36","121","121","121","83","95","89"
"10546977","Atp2b2","ATPase Ca++ transporting plasma membrane 2","11941","1.36","134","134","134","90","108","99"
"10551519","Lrfn1","leucine rich repeat and fibronectin type III domain containing 1","80749","1.35","129","129","129","88","103","95"
"10412376","Emb","embigin","13723","1.35","144","144","144","106","107","106"
"10491066","Nlgn1","neuroligin 1","192167","1.35","133","133","133","90","107","98"
"10365123","Dohh","","NA","1.35","154","154","154","109","119","114"
"10547995","Tuba3a","tubulin alpha 3A","22144","1.35","129","129","129","83","109","95"
"10451261","Abcc10","ATP-binding cassette sub-family C (CFTR/MRP) member 10","224814","1.35","139","139","139","100","106","103"
"10493604","She","src homology 2 domain-containing transforming protein E","214547","1.35","123","123","123","84","98","91"
"10360321","Dusp23","dual specificity phosphatase 23","68440","1.35","139","139","139","100","106","103"
"10398117","Bdkrb2","bradykinin receptor beta 2","12062","1.35","138","138","138","99","105","102"
"10388194","Spns2","spinster homolog 2 (Drosophila)","216892","1.35","132","132","132","97","98","98"
"10518909","Rnf207","ring finger protein 207","433809","1.35","122","122","122","83","97","90"
"10349828","Lrrn2","leucine rich repeat protein 2 neuronal","16980","1.35","128","128","128","89","100","94"
"10530360","Kctd8","potassium channel tetramerisation domain containing 8","243043","1.35","127","127","127","92","96","94"
"10597173","Nradd","neurotrophin receptor associated death domain","67169","1.35","137","137","137","99","104","101"
"10529068","Slc30a3","solute carrier family 30 (zinc transporter) member 3","22784","1.35","129","129","129","88","102","95"
"10527562","Gsx1","GS homeobox 1","14842","1.35","144","144","144","104","108","106"
"10437680","Prm2","protamine 2","19119","1.35","124","124","124","84","101","92"
"10575142","Cog8","component of oligomeric golgi complex 8","97484","1.34","133","133","133","90","109","99"
"10572398","Crlf1","cytokine receptor-like factor 1","12931","1.34","121","121","121","90","92","91"
"10547056","Tmem40","transmembrane protein 40","94346","1.34","133","133","133","89","110","99"
"10388389","Hic1","hypermethylated in cancer 1","15248","1.34","132","132","132","89","110","99"
"10363333","Sh3rf3","SH3 domain containing ring finger 3","237353","1.34","130","130","130","93","101","97"
"10402761","Tmem179","transmembrane protein 179","104885","1.34","142","142","142","96","117","106"
"10398814","Kif26a","kinesin family member 26A","668303","1.34","139","139","139","100","108","104"
"10418027","Comtd1","catechol-O-methyltransferase domain containing 1","69156","1.34","154","154","154","112","118","115"
"10385036","Fgf18","fibroblast growth factor 18","14172","1.34","136","136","136","88","117","102"
"10390841","Krt12","keratin 12","268482","1.34","135","135","135","96","105","100"
"10489878","Ptgis","prostaglandin I2 (prostacyclin) synthase","19223","1.34","141","141","141","96","115","105"
"10451142","Gm7325","predicted gene 7325","653016","1.34","132","132","132","92","105","98"
"10512254","1110017D15Rik","RIKEN cDNA 1110017D15 gene","73721","1.34","123","123","123","85","99","92"
"10355152","Fzd5","frizzled homolog 5 (Drosophila)","14367","1.34","144","144","144","98","118","107"
"10526261","Stx1a","syntaxin 1A (brain)","20907","1.34","131","131","131","95","101","98"
"10554240","Isg20","interferon-stimulated protein","57444","1.33","137","137","137","96","110","103"
"10400479","Nkx2-9","NK2 transcription factor related locus 9 (Drosophila)","18094","1.33","126","126","126","91","98","95"
"10582229","1110003O08Rik","RIKEN cDNA 1110003O08 gene","76291","1.33","135","135","135","99","104","101"
"10429199","Mir30d","","NA","1.33","150","150","150","107","119","113"
"10378445","E130309D14Rik","RIKEN cDNA E130309D14 gene","432582","1.33","140","140","140","96","115","105"
"10363622","3110049J23Rik","RIKEN cDNA 3110049J23 gene","67307","1.33","123","123","123","85","101","93"
"10507635","Cldn19","claudin 19","242653","1.33","124","124","124","86","101","93"
"10390022","Rsad1","radical S-adenosyl methionine domain containing 1","237926","1.33","144","144","144","105","113","109"
"10521469","Mrfap1","","NA","1.33","129","129","129","90","103","97"
"10483561","Gorasp2","golgi reassembly stacking protein 2","70231","1.33","145","145","145","105","114","109"
"10434932","Fam43a","family with sequence similarity 43 member A","224093","1.33","133","133","133","90","111","100"
"10350197","Ascl5-ps","","NA","1.33","129","129","129","92","103","97"
"10593418","Hspb2","heat shock protein 2","69253","1.33","144","144","144","100","118","109"
"10591281","Col5a3","collagen type V alpha 3","53867","1.33","135","135","135","92","112","101"
"10481711","Stxbp1","syntaxin binding protein 1","20910","1.33","130","130","130","82","117","98"
"10405248","Hrh2","histamine receptor H2","15466","1.33","120","120","120","81","102","91"
"10350173","Tnnt2","troponin T2 cardiac","21956","1.33","121","121","121","88","95","91"
"10487700","Prosapip1","ProSAPiP1 protein","241638","1.33","127","127","127","92","100","96"
"10471139","Hmcn2","hemicentin 2","665700","1.32","122","122","122","82","104","92"
"10385203","Odz2","odd Oz/ten-m homolog 2 (Drosophila)","23964","1.32","143","143","143","101","115","108"
"10568705","Fam196a","RIKEN cDNA B830028B13 gene","627214","1.32","139","139","139","95","118","106"
"10583773","BC018242","cDNA sequence BC018242","235044","1.32","146","146","146","106","115","110"
"10535776","Prhoxnb","parahox cluster neighbor","231903","1.32","135","135","135","98","107","102"
"10523190","Parm1","RIKEN cDNA 9130213B05 gene","231440","1.32","127","127","127","93","100","96"
"10465500","Kcnk4","potassium channel subfamily K member 4","16528","1.32","134","134","134","101","102","102"
"10551526","Il28b","interleukin 28B","338374","1.32","130","130","130","92","104","98"
"10375525","Olfr1395","olfactory receptor 1395","258877","1.32","145","145","145","108","111","110"
"10356379","Ecel1","endothelin converting enzyme-like 1","13599","1.32","128","128","128","88","106","97"
"10545425","Sh2d6","SH2 domain containing 6","71130","1.32","132","132","132","91","111","100"
"10489498","Dbndd2","dysbindin (dystrobrevin binding protein 1) domain containing 2","52840","1.32","123","123","123","87","98","93"
"10413517","Chdh","choline dehydrogenase","218865","1.31","127","127","127","93","100","97"
"10567546","Crym","crystallin mu","12971","1.31","124","124","124","90","98","94"
"10364502","Palm","paralemmin","18483","1.31","122","122","122","78","113","94"
"10563480","Kcnj11","potassium inwardly rectifying channel subfamily J member 11","16514","1.31","130","130","130","95","105","100"
"10520501","1700001C02Rik","RIKEN cDNA 1700001C02 gene","75434","1.31","123","123","123","91","96","94"
"10467203","Pcgf5","polycomb group ring finger 5","76073","1.31","145","145","145","103","119","111"
"10525932","Tmem132c","transmembrane protein 132C","208213","1.30","135","135","135","97","110","103"
"10564326","Fam189a1","family with sequence similarity 189 member A1","70638","1.30","133","133","133","92","114","102"
"10421436","Fgf17","fibroblast growth factor 17","14171","1.30","138","138","138","102","112","107"
"10481175","Tmem8c","transmembrane protein 8C","66139","1.30","124","124","124","90","101","95"
"10390147","Dlx4","distal-less homeobox 4","13394","1.30","125","125","125","89","104","96"
"10386352","Gjc2","gap junction protein gamma 2","118454","1.30","139","139","139","104","109","106"
"10473814","Mybpc3","myosin binding protein C cardiac","17868","1.30","126","126","126","93","102","97"
"10505858","Ifnz","interferon zeta","319146","1.30","127","127","127","88","108","98"
"10516852","Oprd1","opioid receptor delta 1","18386","1.30","145","145","145","105","119","112"
"10581197","Exoc3l","exocyst complex component 3-like","277978","1.30","126","126","126","89","106","97"
"10451303","Ttbk1","tau tubulin kinase 1","106763","1.30","129","129","129","90","111","100"
"10445380","Aars2","alanyl-tRNA synthetase 2 mitochondrial (putative)","224805","1.30","121","121","121","92","94","93"
"10373000","Xrcc6bp1","XRCC6 binding protein 1","68876","1.30","122","122","122","88","100","94"
"10570951","Nkx6-3","NK6 homeobox 3","74561","1.30","136","136","136","104","106","105"
"10583753","Gm6484","predicted gene 6484","624219","1.30","132","132","132","90","115","102"
"10507840","Heyl","hairy/enhancer-of-split related with YRPW motif-like","56198","1.30","121","121","121","81","108","93"
"10364222","Ftcd","formiminotransferase cyclodeaminase","14317","1.30","136","136","136","99","110","104"
"10364542","Cfd","complement factor D (adipsin)","11537","1.30","125","125","125","95","99","97"
"10391957","Wnt9b","wingless-type MMTV integration site 9B","22412","1.29","126","126","126","91","105","98"
"10559687","Isoc2b","isochorismatase domain containing 2b","67441","1.29","125","125","125","91","103","97"
"10562687","Iglon5","IgLON family member 5","210094","1.29","122","122","122","89","102","95"
"10373218","Nxph4","neurexophilin 4","104080","1.29","126","126","126","94","102","98"
"10375527","Olfr1394","olfactory receptor 1394","258273","1.29","124","124","124","90","102","96"
"10430447","Micall1","microtubule associated monoxygenase calponin and LIM domain containing -like 1","27008","1.29","141","141","141","109","110","109"
"10460259","Aldh3b2","aldehyde dehydrogenase 3 family member B2","621603","1.29","121","121","121","84","105","94"
"10505845","Ifnz","interferon zeta","319146","1.28","137","137","137","97","119","107"
"10418171","Zcchc24","zinc finger CCHC domain containing 24","71918","1.28","131","131","131","93","113","102"
"10563191","Trpm4","transient receptor potential cation channel subfamily M member 4","68667","1.28","122","122","122","93","97","95"
"10408042","Zkscan4","predicted gene 11272","544922","1.28","127","127","127","88","113","99"
"10581865","Ldhd","lactate dehydrogenase D","52815","1.28","122","122","122","89","104","96"
"10568298","Stx1b","syntaxin 1B","56216","1.28","122","122","122","92","98","95"
"10471216","Lamc3","laminin gamma 3","23928","1.28","142","142","142","109","113","111"
"10569513","Osbpl5","oxysterol binding protein-like 5","79196","1.28","123","123","123","89","104","96"
"10470462","Col5a1","collagen type V alpha 1","12831","1.28","140","140","140","102","118","110"
"10388669","Trp53i13","transformation related protein 53 inducible protein 13","216964","1.28","142","142","142","104","120","112"
"10510482","Clstn1","calsyntenin 1","65945","1.28","135","135","135","98","112","105"
"10529651","Msx1","homeobox msh-like 1","17701","1.28","144","144","144","112","113","113"
"10521371","Dok7","docking protein 7","231134","1.28","125","125","125","93","104","98"
"10516323","Gm8505","predicted gene 8505","667193","1.28","126","126","126","90","107","98"
"10518857","Zbtb48","zinc finger and BTB domain containing 48","100090","1.28","138","138","138","104","113","108"
"10549730","Nat14","N-acetyltransferase 14","269854","1.27","121","121","121","95","96","96"
"10549889","Aurkc","aurora kinase C","20871","1.27","137","137","137","98","119","108"
"10550067","Zfp446","zinc finger protein 446","269870","1.27","123","123","123","93","101","97"
"10378427","Olfr401","olfactory receptor 401","258701","1.27","139","139","139","102","118","110"
"10550250","Kptn","kaptin","70394","1.27","128","128","128","99","103","101"
"10362886","Bend3","BEN domain containing 3","331623","1.27","144","144","144","113","115","114"
"10533182","Dtx1","deltex 1 homolog (Drosophila)","14357","1.27","147","147","147","112","120","116"
"10518108","Tmem51","transmembrane protein 51","214359","1.27","137","137","137","102","114","108"
"10372060","Cradd","CASP2 and RIPK1 domain containing adaptor with death domain","12905","1.26","134","134","134","95","120","106"
"10488762","Snta1","syntrophin acidic 1","20648","1.26","138","138","138","100","119","109"
"10508376","Trim62","tripartite motif-containing 62","67525","1.26","121","121","121","87","107","96"
"10471819","Crb2","crumbs homolog 2 (Drosophila)","241324","1.26","126","126","126","91","111","101"
"10380862","Ppp1r1b","protein phosphatase 1 regulatory (inhibitor) subunit 1B","19049","1.26","142","142","142","109","116","112"
"10380501","Dlx3","distal-less homeobox 3","13393","1.26","124","124","124","96","101","98"
"10566822","Scube2","signal peptide CUB domain EGF-like 2","56788","1.26","125","125","125","89","111","100"
"10587748","Adamts7","a disintegrin-like and metallopeptidase (reprolysin type) with thrombospondin type 1 motif 7","108153","1.26","140","140","140","107","115","111"
"10533106","Rnft2","ring finger protein transmembrane 2","269695","1.26","125","125","125","91","109","100"
"10491970","Lhfp","lipoma HMGIC fusion partner","108927","1.26","121","121","121","88","104","96"
"10382802","Sphk1","sphingosine kinase 1","20698","1.26","121","121","121","93","101","97"
"10512274","Enho","energy homeostasis associated","69638","1.26","124","124","124","88","110","98"
"10518464","2610109H07Rik","RIKEN cDNA 2610109H07 gene","70433","1.26","121","121","121","94","99","96"
"10448269","Zfp13","zinc finger protein 13","22654","1.26","139","139","139","106","114","110"
"10516765","Serinc2","serine incorporator 2","230779","1.25","128","128","128","92","114","102"
"10449775","Notch3","Notch gene homolog 3 (Drosophila)","18131","1.25","124","124","124","91","108","99"
"10380721","Scrn2","secernin 2","217140","1.25","125","125","125","91","109","100"
"10378082","Ggt6","gamma-glutamyltransferase 6","71522","1.25","125","125","125","93","109","100"
"10507983","Epha10","Eph receptor A10","230735","1.25","133","133","133","105","108","106"
"10531193","Adamts3","a disintegrin-like and metallopeptidase (reprolysin type) with thrombospondin type 1 motif 3","330119","1.25","123","123","123","93","105","99"
"10490150","Zbp1","Z-DNA binding protein 1","58203","1.25","140","140","140","108","115","112"
"10419892","Efs","embryonal Fyn-associated substrate","13644","1.25","124","124","124","99","100","100"
"10364489","Fgf22","fibroblast growth factor 22","67112","1.25","140","140","140","106","118","112"
"10364784","Reep6","receptor accessory protein 6","70335","1.25","135","135","135","106","110","108"
"10429506","Lypd2","Ly6/Plaur domain containing 2","68311","1.25","132","132","132","97","113","105"
"10513016","Actl7b","actin-like 7b","11471","1.25","129","129","129","92","115","103"
"10514325","Ifnz","interferon zeta","319146","1.24","144","144","144","112","120","116"
"10514331","Ifnz","interferon zeta","319146","1.24","138","138","138","107","116","111"
"10383472","Rac3","RAS-related C3 botulinum substrate 3","170758","1.24","121","121","121","88","107","97"
"10449467","Clps","colipase pancreatic","109791","1.24","124","124","124","88","114","100"
"10570671","Defa22","defensin alpha 22","382059","1.24","121","121","121","87","109","98"
"10398396","Mir679","","NA","1.24","124","124","124","98","102","100"
"10518967","1190007F08Rik","RIKEN cDNA 1190007F08 gene","68859","1.24","133","133","133","107","107","107"
"10424695","Gpihbp1","GPI-anchored HDL-binding protein 1","68453","1.24","134","134","134","105","111","108"
"10433340","4930451G09Rik","RIKEN cDNA 4930451G09 gene","74684","1.24","123","123","123","95","104","99"
"10584582","Gm10694","predicted gene 10694","100038567","1.24","126","126","126","95","108","101"
"10579406","Arrdc2","arrestin domain containing 2","70807","1.23","121","121","121","91","106","99"
"10481101","Snora43","small nucleolar RNA host gene (non-protein coding) 7","72091","1.23","133","133","133","106","112","109"
"10516419","Tcfap2e","transcription factor AP-2 epsilon","332937","1.23","120","120","120","92","103","97"
"10542066","Tspan11","tetraspanin 11","68498","1.23","124","124","124","94","106","100"
"10515729","Szt2","cDNA sequence BC059842","230676","1.23","129","129","129","101","109","105"
"10516776","Fabp3","predicted gene 10570","100038640","1.23","123","123","123","96","103","100"
"10386344","A230051G13Rik","RIKEN cDNA A230051G13 gene","216792","1.23","133","133","133","101","115","108"
"10517842","Crocc","ciliary rootlet coiled-coil rootletin","230872","1.23","132","132","132","98","118","107"
"10388517","Gemin4","gem (nuclear organelle) associated protein 4","276919","1.23","136","136","136","107","115","111"
"10460303","Cabp2","calcium binding protein 2","29866","1.23","131","131","131","103","110","106"
"10404595","Ppp1r3g","protein phosphatase 1 regulatory (inhibitor) subunit 3G","76487","1.23","131","131","131","99","115","107"
"10570448","Gm10699","predicted gene 10699","100038645","1.23","134","134","134","108","109","108"
"10415090","Cdh24","cadherin-like 24","239096","1.23","123","123","123","95","104","100"
"10569898","Evi5l","ecotropic viral integration site 5 like","213027","1.22","135","135","135","108","112","110"
"10570786","Thsd1","thrombospondin type I domain 1","56229","1.22","126","126","126","91","116","103"
"10376239","Gm12238","t-complex protein 1","21454","1.22","126","126","126","99","109","104"
"10524450","Ung","uracil DNA glycosylase","22256","1.22","144","144","144","117","118","117"
"10470283","Egfl7","EGF-like domain 7","353156","1.22","130","130","130","100","115","107"
"10484999","Ddb2","damage specific DNA binding protein 2","107986","1.22","135","135","135","102","120","111"
"10579442","Slc5a5","solute carrier family 5 (sodium iodide symporter) member 5","114479","1.22","122","122","122","90","111","100"
"10552779","Fuz","fuzzy homolog (Drosophila)","70300","1.21","122","122","122","92","111","101"
"10506701","Glis1","GLIS family zinc finger 1","230587","1.21","128","128","128","101","112","106"
"10441657","Prr18","proline rich region 18","320111","1.21","130","130","130","102","113","107"
"10360741","Ccdc121","coiled-coil domain containing 121","403180","1.21","120","120","120","99","101","100"
"10449061","Rhbdl1","rhomboid veinlet-like 1 (Drosophila)","214951","1.21","139","139","139","113","117","115"
"10495270","Amigo1","adhesion molecule with Ig like domain 1","229715","1.21","141","141","141","115","119","117"
"10383791","Slc35e4","solute carrier family 35 member E4","103710","1.21","133","133","133","103","118","110"
"10413932","E130203B14Rik","RIKEN cDNA E130203B14 gene","320736","1.21","123","123","123","88","116","101"
"10521111","Fgfr3","fibroblast growth factor receptor 3","14184","1.21","124","124","124","93","114","103"
"10397780","Ccdc88c","RIKEN cDNA A630072L19 gene","100038467","1.20","125","125","125","101","107","104"
"10507362","Mutyh","mutY homolog (E. coli)","70603","1.20","127","127","127","100","111","106"
"10542319","Apold1","apolipoprotein L domain containing 1","381823","1.20","126","126","126","96","115","105"
"10407348","Mrps30","mitochondrial ribosomal protein S30","59054","1.20","126","126","126","104","105","105"
"10441556","Gm1604b","predicted gene 1604b","381059","1.20","121","121","121","96","106","101"
"10590169","Acvr2b","activin receptor IIB","11481","1.20","123","123","123","99","105","102"
"10373054","Slc26a10","solute carrier family 26 member 10","216441","1.20","132","132","132","106","115","111"
"10430794","Pmm1","phosphomannomutase 1","29858","1.19","126","126","126","97","116","106"
"10585803","Stra6","stimulated by retinoic acid gene 6","20897","1.19","123","123","123","100","107","104"
"10430892","Cyp2d37-ps","protocadherin beta 11","93882","1.19","125","125","125","100","110","105"
"10370259","Col18a1","collagen type XVIII alpha 1","12822","1.19","125","125","125","103","107","105"
"10393687","Azi1","5-azacytidine induced gene 1","12009","1.19","134","134","134","109","116","112"
"10569222","Ap2a2","predicted gene ENSMUSG00000038461","100036523","1.19","128","128","128","98","119","108"
"10511062","Tmem52","transmembrane protein 52","69671","1.18","128","128","128","107","109","108"
"10489305","Ptprt","protein tyrosine phosphatase receptor type T","19281","1.18","124","124","124","102","108","105"
"10538466","Ghrhr","growth hormone releasing hormone receptor","14602","1.18","128","128","128","105","112","109"
"10450675","H2-T24","histocompatibility 2 T region locus 24","15042","1.18","128","128","128","100","118","109"
"10493850","Sprr2a1","small proline-rich protein 2A","20755","1.17","128","128","128","101","118","109"
"10558535","Gpr123","G protein-coupled receptor 123","52389","1.17","124","124","124","99","113","106"
"10568233","9130019O22Rik","RIKEN cDNA 9130019O22 gene","78921","1.17","137","137","137","116","118","117"
"10492957","Cd1d2","CD1d2 antigen","12480","1.17","124","124","124","102","110","106"
"10482095","Lhx6","LIM homeobox protein 6","16874","1.17","121","121","121","97","110","103"
"10521415","Ablim2","actin-binding LIM protein 2","231148","1.17","124","124","124","103","110","106"
"10464775","Lrfn4","leucine rich repeat and fibronectin type III domain containing 4","225875","1.17","129","129","129","106","115","110"
"10383920","Nefh","neurofilament heavy polypeptide","380684","1.17","136","136","136","113","120","116"
"10538082","Atp6v0e2","ATPase H+ transporting lysosomal V0 subunit E2","76252","1.17","123","123","123","104","106","105"
"10448257","Gm5146","predicted gene 5146","381070","1.16","129","129","129","108","114","111"
"10558880","Eps8l2","EPS8-like 2","98845","1.15","121","121","121","98","113","105"
"10433575","Gm10832","predicted gene 10832","100038543","1.15","121","121","121","101","110","105"
"10405822","Cdk20","cell cycle related kinase","105278","1.15","124","124","124","103","114","108"
"10488608","Trib3","tribbles homolog 3 (Drosophila)","228775","1.15","122","122","122","106","106","106"
"10381170","Hspb9","heat shock protein alpha-crystallin-related B9","75482","1.14","122","122","122","105","109","107"
"10532892","1500011B03Rik","RIKEN cDNA 1500011B03 gene","66236","1.14","127","127","127","102","120","111"
"10372069","Socs2","suppressor of cytokine signaling 2","216233","1.14","123","123","123","99","117","108"
"10536787","Mir129-1","","NA","1.14","122","122","122","98","118","107"
"10385709","N4bp3","RIKEN cDNA C330016O10 gene","212706","1.13","121","121","121","99","118","108"
"10430096","Lrrc24","leucine rich repeat containing 24","378937","1.13","124","124","124","109","111","110"
"10539321","Ccdc142","coiled-coil domain containing 142","243510","1.13","124","124","124","104","116","110"
"10507231","Kncn","kinocilin","654462","1.13","122","122","122","107","110","109"
"10495193","Kcna2","potassium voltage-gated channel shaker-related subfamily member 2","16490","1.12","123","123","123","102","119","110"
"10466120","Ms4a15","membrane-spanning 4-domains subfamily A member 15","545279","1.12","121","121","121","107","111","109"
"10552843","Mir150","","NA","1.11","122","122","122","102","118","110"
"10477557","Zfp341","zinc finger protein 341","228807","1.11","121","121","121","108","111","109"
"10463515","Hps6","Hermansky-Pudlak syndrome 6","20170","1.11","123","123","123","105","117","111"
"10564791","Kif7","kinesin family member 7","16576","1.10","123","123","123","109","116","112"
"10387255","Hes7","RIKEN cDNA 9130213A22 gene","100038433","1.10","128","128","128","116","117","116"
"10437270","Cluap1","clusterin associated protein 1","76779","1.09","121","121","121","106","118","111"
"10429428","Gm628","predicted gene 628","268816","1.08","127","127","127","116","119","118"
"10430280","Cacng2","","NA","1.07","125","125","125","115","118","116"
"10476928","Cst9","cystatin 9","13013","1.03","121","121","121","118","119","118"
