NAME	ORIGINAL SIZE	AFTER RESTRICTING TO DATASET	STATUS	
GOCC_NUCLEOTIDE_EXCISION_REPAIR_COMPLEX	11		Rejected!	
GOCC_HISTONE_DEACETYLASE_COMPLEX	72	69		
GOCC_SAGA_COMPLEX	21	19		
GOCC_TRANSCRIPTION_FACTOR_TFIIIC_COMPLEX	6		Rejected!	
GOCC_GOLGI_CIS_CISTERNA	30		Rejected!	
GOCC_GOLGI_TRANS_CISTERNA	12		Rejected!	
GOCC_GOLGI_MEMBRANE	644		Rejected!	
GOCC_EXOCYST	16	15		
GOCC_UBIQUITIN_LIGASE_COMPLEX	299	274		
GOCC_NUCLEAR_UBIQUITIN_LIGASE_COMPLEX	44	42		
GOCC_CYTOPLASMIC_UBIQUITIN_LIGASE_COMPLEX	14		Rejected!	
GOCC_PROTEIN_PHOSPHATASE_TYPE_2A_COMPLEX	17	15		
GOCC_PROTEIN_PHOSPHATASE_TYPE_1_COMPLEX	15		Rejected!	
GOCC_RIBONUCLEASE_MRP_COMPLEX	10		Rejected!	
GOCC_NUCLEAR_EXOSOME_RNASE_COMPLEX	12		Rejected!	
GOCC_CYTOPLASMIC_EXOSOME_RNASE_COMPLEX	13		Rejected!	
GOCC_VACUOLAR_PROTON_TRANSPORTING_V_TYPE_ATPASE_V0_DOMAIN	10		Rejected!	
GOCC_NUCLEAR_CHROMOSOME	229	188		
GOCC_PERICENTRIOLAR_MATERIAL	22	22		
GOCC_COMMITMENT_COMPLEX	5		Rejected!	
GOCC_MITOCHONDRIAL_PROTON_TRANSPORTING_ATP_SYNTHASE_COMPLEX_COUPLING_FACTOR_F_O	11		Rejected!	
GOCC_CYCLIN_DEPENDENT_PROTEIN_KINASE_HOLOENZYME_COMPLEX	49	42		
GOCC_ORGANELLAR_RIBOSOME	81	81		
GOCC_TRANSCRIPTION_EXPORT_COMPLEX	10		Rejected!	
GOCC_THO_COMPLEX	6		Rejected!	
GOCC_PHAGOPHORE_ASSEMBLY_SITE	33	32		
GOCC_EKC_KEOPS_COMPLEX	5		Rejected!	
GOCC_AUTOPHAGOSOME_MEMBRANE	52	42		
GOCC_PROTEASOME_COMPLEX	59	57		
GOCC_GLYCOSYLPHOSPHATIDYLINOSITOL_N_ACETYLGLUCOSAMINYLTRANSFERASE_GPI_GNT_COMPLEX	7		Rejected!	
GOCC_CHROMOSOME_CENTROMERIC_REGION	227	198		
GOCC_CONDENSED_CHROMOSOME_CENTROMERIC_REGION	156	146		
GOCC_CHROMOSOME_TELOMERIC_REGION	166	139		
GOCC_CHROMATIN	1279		Rejected!	
GOCC_EUCHROMATIN	62	52		
GOCC_HETEROCHROMATIN	69	64		
GOCC_CONDENSED_CHROMOSOME	256	225		
GOCC_CONDENSED_NUCLEAR_CHROMOSOME	74	58		
GOCC_CONDENSIN_COMPLEX	8		Rejected!	
GOCC_LATERAL_ELEMENT	13		Rejected!	
GOCC_CENTRAL_ELEMENT	8		Rejected!	
GOCC_SEX_CHROMOSOME	31	29		
GOCC_X_CHROMOSOME	11		Rejected!	
GOCC_ORIGIN_RECOGNITION_COMPLEX	9		Rejected!	
GOCC_SWR1_COMPLEX	13		Rejected!	
GOCC_ESCRT_I_COMPLEX	11		Rejected!	
GOCC_ESCRT_III_COMPLEX	11		Rejected!	
GOCC_ER_UBIQUITIN_LIGASE_COMPLEX	10		Rejected!	
GOCC_HRD1P_UBIQUITIN_LIGASE_ERAD_L_COMPLEX	7		Rejected!	
GOCC_SPINDLE_POLE	169	154		
GOCC_EQUATORIAL_MICROTUBULE_ORGANIZING_CENTER	5		Rejected!	
GOCC_GAMMA_TUBULIN_COMPLEX	16	15		
GOCC_GAMMA_TUBULIN_LARGE_COMPLEX	7		Rejected!	
GOCC_P_BODY	93	82		
GOCC_OUTER_KINETOCHORE	12		Rejected!	
GOCC_PRP19_COMPLEX	12		Rejected!	
GOCC_PAM_COMPLEX_TIM23_ASSOCIATED_IMPORT_MOTOR	5		Rejected!	
GOCC_VOLTAGE_GATED_SODIUM_CHANNEL_COMPLEX	17		Rejected!	
GOCC_OUTER_DENSE_FIBER	6		Rejected!	
GOCC_MICROFIBRIL	12		Rejected!	
GOCC_CORNIFIED_ENVELOPE	45		Rejected!	
GOCC_FIBRILLAR_CENTER	140	125		
GOCC_GRANULAR_COMPONENT	6		Rejected!	
GOCC_ACROSOMAL_VESICLE	124	78		
GOCC_MALE_GERM_CELL_NUCLEUS	16		Rejected!	
GOCC_FEMALE_GERM_CELL_NUCLEUS	5		Rejected!	
GOCC_RUFFLE	178	164		
GOCC_SEX_CHROMATIN	5		Rejected!	
GOCC_BARR_BODY	7		Rejected!	
GOCC_XY_BODY	14		Rejected!	
GOCC_PHOTORECEPTOR_OUTER_SEGMENT	93	55		
GOCC_IMMUNOLOGICAL_SYNAPSE	44	40		
GOCC_PHAGOCYTIC_CUP	28	25		
GOCC_PHOTORECEPTOR_INNER_SEGMENT	63	41		
GOCC_FEMALE_PRONUCLEUS	9		Rejected!	
GOCC_MALE_PRONUCLEUS	7		Rejected!	
GOCC_INNER_ACROSOMAL_MEMBRANE	5		Rejected!	
GOCC_ACROSOMAL_MEMBRANE	28	21		
GOCC_PODOSOME	29	29		
GOCC_SEMAPHORIN_RECEPTOR_COMPLEX	11		Rejected!	
GOCC_STEREOCILIA_COUPLING_LINK	6		Rejected!	
GOCC_MANCHETTE	15		Rejected!	
GOCC_PALMITOYLTRANSFERASE_COMPLEX	11		Rejected!	
GOCC_RIBOSE_PHOSPHATE_DIPHOSPHOKINASE_COMPLEX	5		Rejected!	
GOCC_ZONA_PELLUCIDA_RECEPTOR_COMPLEX	8		Rejected!	
GOCC_FIBRINOGEN_COMPLEX	8		Rejected!	
GOCC_MEMBRANE_ATTACK_COMPLEX	7		Rejected!	
GOCC_COLLAGEN_TRIMER	86	48		
GOCC_FIBRILLAR_COLLAGEN_TRIMER	12		Rejected!	
GOCC_COLLAGEN_TYPE_IV_TRIMER	7		Rejected!	
GOCC_FACIT_COLLAGEN_TRIMER	6		Rejected!	
GOCC_BASEMENT_MEMBRANE	95	64		
GOCC_INTERSTITIAL_MATRIX	11		Rejected!	
GOCC_NUCLEAR_ENVELOPE	479	403		
GOCC_NUCLEAR_INNER_MEMBRANE	61	51		
GOCC_LAMIN_FILAMENT	5		Rejected!	
GOCC_NUCLEAR_OUTER_MEMBRANE	29	22		
GOCC_NUCLEAR_ENVELOPE_LUMEN	10		Rejected!	
GOCC_ANNULATE_LAMELLAE	5		Rejected!	
GOCC_NUCLEAR_PORE	93	72		
GOCC_NUCLEAR_LAMINA	10		Rejected!	
GOCC_NUCLEOLAR_RIBONUCLEASE_P_COMPLEX	7		Rejected!	
GOCC_REPLICATION_FORK	60	58		
GOCC_ALPHA_DNA_POLYMERASE_PRIMASE_COMPLEX	5		Rejected!	
GOCC_DNA_REPLICATION_FACTOR_C_COMPLEX	5		Rejected!	
GOCC_RNA_POLYMERASE_II_CORE_COMPLEX	15		Rejected!	
GOCC_RNA_POLYMERASE_III_COMPLEX	18	18		
GOCC_TRANSCRIPTION_REGULATOR_COMPLEX	483	392		
GOCC_TRANSCRIPTION_FACTOR_TFIID_COMPLEX	34	31		
GOCC_TRANSCRIPTION_FACTOR_TFIIA_COMPLEX	5		Rejected!	
GOCC_TRANSCRIPTION_FACTOR_TFIIH_HOLO_COMPLEX	13		Rejected!	
GOCC_CHROMATIN_SILENCING_COMPLEX	13		Rejected!	
GOCC_ANAPHASE_PROMOTING_COMPLEX	21	20		
GOCC_SPLICEOSOMAL_COMPLEX	192	184		
GOCC_U5_SNRNP	23	17		
GOCC_U7_SNRNP	7		Rejected!	
GOCC_U2_TYPE_SPLICEOSOMAL_COMPLEX	92	89		
GOCC_U1_SNRNP	32	18		
GOCC_U2_SNRNP	24	20		
GOCC_U4_SNRNP	13		Rejected!	
GOCC_U6_SNRNP	11		Rejected!	
GOCC_U12_TYPE_SPLICEOSOMAL_COMPLEX	29	26		
GOCC_CHROMOSOME	1852		Rejected!	
GOCC_TELOMERASE_HOLOENZYME_COMPLEX	22	20		
GOCC_PERICENTRIC_HETEROCHROMATIN	23	21		
GOCC_NUCLEOLUS	1421		Rejected!	
GOCC_SNO_S_RNA_CONTAINING_RIBONUCLEOPROTEIN_COMPLEX	30	22		
GOCC_RNA_POLYMERASE_I_COMPLEX	13		Rejected!	
GOCC_MITOCHONDRION	1648		Rejected!	
GOCC_MITOCHONDRIAL_ENVELOPE	783		Rejected!	
GOCC_TIM23_MITOCHONDRIAL_IMPORT_INNER_MEMBRANE_TRANSLOCASE_COMPLEX	14		Rejected!	
GOCC_MITOCHONDRIAL_PERMEABILITY_TRANSITION_PORE_COMPLEX	7		Rejected!	
GOCC_MITOCHONDRIAL_MATRIX	473	430		
GOCC_MITOCHONDRIAL_LARGE_RIBOSOMAL_SUBUNIT	54	54		
GOCC_MITOCHONDRIAL_SMALL_RIBOSOMAL_SUBUNIT	26	26		
GOCC_SECONDARY_LYSOSOME	17	15		
GOCC_ENDOSOME	996		Rejected!	
GOCC_EARLY_ENDOSOME	395	325		
GOCC_LATE_ENDOSOME	283	239		
GOCC_MULTIVESICULAR_BODY	63	49		
GOCC_VACUOLE	827		Rejected!	
GOCC_VACUOLAR_MEMBRANE	452	402		
GOCC_VACUOLAR_LUMEN	174	145		
GOCC_AUTOPHAGOSOME	113	100		
GOCC_ENDOPLASMIC_RETICULUM	1993		Rejected!	
GOCC_SEC61_TRANSLOCON_COMPLEX	5		Rejected!	
GOCC_SIGNAL_PEPTIDASE_COMPLEX	6		Rejected!	
GOCC_ENDOPLASMIC_RETICULUM_LUMEN	310	222		
GOCC_SMOOTH_ENDOPLASMIC_RETICULUM	30	21		
GOCC_ROUGH_ENDOPLASMIC_RETICULUM	80	64		
GOCC_ENDOPLASMIC_RETICULUM_GOLGI_INTERMEDIATE_COMPARTMENT	131	116		
GOCC_GOLGI_APPARATUS	1613		Rejected!	
GOCC_GOLGI_STACK	153	113		
GOCC_GOLGI_LUMEN	103	55		
GOCC_GOLGI_MEDIAL_CISTERNA	12		Rejected!	
GOCC_GOLGI_ASSOCIATED_VESICLE	84	71		
GOCC_CIS_GOLGI_NETWORK	72	46		
GOCC_TRANS_GOLGI_NETWORK	262	220		
GOCC_LIPID_DROPLET	100	81		
GOCC_CENTROSOME	619		Rejected!	
GOCC_CENTRIOLE	147	130		
GOCC_MICROTUBULE_ORGANIZING_CENTER	821		Rejected!	
GOCC_ASTER	11		Rejected!	
GOCC_SPINDLE	402	357		
GOCC_POLAR_MICROTUBULE	5		Rejected!	
GOCC_KINETOCHORE_MICROTUBULE	18	15		
GOCC_CHAPERONIN_CONTAINING_T_COMPLEX	11		Rejected!	
GOCC_HEMOGLOBIN_COMPLEX	12		Rejected!	
GOCC_PROTEASOME_REGULATORY_PARTICLE	19	19		
GOCC_PROTEASOME_CORE_COMPLEX	20	19		
GOCC_RIBOSOME	216	196		
GOCC_POLYSOME	65	59		
GOCC_MRNA_CLEAVAGE_AND_POLYADENYLATION_SPECIFICITY_FACTOR_COMPLEX	15		Rejected!	
GOCC_MRNA_CLEAVAGE_FACTOR_COMPLEX	19	18		
GOCC_EUKARYOTIC_TRANSLATION_INITIATION_FACTOR_2_COMPLEX	5		Rejected!	
GOCC_EUKARYOTIC_TRANSLATION_INITIATION_FACTOR_2B_COMPLEX	6		Rejected!	
GOCC_EUKARYOTIC_TRANSLATION_INITIATION_FACTOR_3_COMPLEX	15		Rejected!	
GOCC_NASCENT_POLYPEPTIDE_ASSOCIATED_COMPLEX	5		Rejected!	
GOCC_AXONEMAL_DYNEIN_COMPLEX	23		Rejected!	
GOCC_MUSCLE_MYOSIN_COMPLEX	15		Rejected!	
GOCC_TROPONIN_COMPLEX	9		Rejected!	
GOCC_STRIATED_MUSCLE_THIN_FILAMENT	21		Rejected!	
GOCC_CYTOPLASMIC_DYNEIN_COMPLEX	23	20		
GOCC_DYNACTIN_COMPLEX	16		Rejected!	
GOCC_KINESIN_COMPLEX	49	43		
GOCC_MICROTUBULE	435	359		
GOCC_MICROTUBULE_ASSOCIATED_COMPLEX	160	126		
GOCC_SPINDLE_MICROTUBULE	83	74		
GOCC_AXONEMAL_MICROTUBULE	9		Rejected!	
GOCC_CYTOPLASMIC_MICROTUBULE	75	66		
GOCC_INTERMEDIATE_FILAMENT	214	51		
GOCC_NEUROFILAMENT	9		Rejected!	
GOCC_ACTIN_FILAMENT	110	91		
GOCC_ARP2_3_PROTEIN_COMPLEX	9		Rejected!	
GOCC_SODIUM_POTASSIUM_EXCHANGING_ATPASE_COMPLEX	12		Rejected!	
GOCC_VOLTAGE_GATED_CALCIUM_CHANNEL_COMPLEX	44	22		
GOCC_ACETYLCHOLINE_GATED_CHANNEL_COMPLEX	15		Rejected!	
GOCC_CAVEOLA	83	64		
GOCC_MICROVILLUS	90	63		
GOCC_BRUSH_BORDER	102	63		
GOCC_CLATHRIN_COATED_PIT	70	60		
GOCC_CELL_CELL_JUNCTION	497	368		
GOCC_ADHERENS_JUNCTION	172	139		
GOCC_ZONULA_ADHERENS	8		Rejected!	
GOCC_FASCIA_ADHERENS	10		Rejected!	
GOCC_GAP_JUNCTION	32		Rejected!	
GOCC_CONNEXIN_COMPLEX	21		Rejected!	
GOCC_CILIUM	695	474		
GOCC_CELL_CORTEX	310	254		
GOCC_PHOSPHATIDYLINOSITOL_3_KINASE_COMPLEX	29	26		
GOCC_PHOSPHATIDYLINOSITOL_3_KINASE_COMPLEX_CLASS_IA	6		Rejected!	
GOCC_MITOCHONDRIAL_ALPHA_KETOGLUTARATE_DEHYDROGENASE_COMPLEX	6		Rejected!	
GOCC_CAMP_DEPENDENT_PROTEIN_KINASE_COMPLEX	10		Rejected!	
GOCC_CALCIUM_AND_CALMODULIN_DEPENDENT_PROTEIN_KINASE_COMPLEX	5		Rejected!	
GOCC_CALCINEURIN_COMPLEX	5		Rejected!	
GOCC_MAGNESIUM_DEPENDENT_PROTEIN_SERINE_THREONINE_PHOSPHATASE_COMPLEX	28	25		
GOCC_PHOSPHORYLASE_KINASE_COMPLEX	5		Rejected!	
GOCC_MITOCHONDRIAL_PYRUVATE_DEHYDROGENASE_COMPLEX	7		Rejected!	
GOCC_TRANSCRIPTION_ELONGATION_FACTOR_COMPLEX	51	44		
GOCC_CYCLIN_CDK_POSITIVE_TRANSCRIPTION_ELONGATION_FACTOR_COMPLEX	6		Rejected!	
GOCC_SPECTRIN	9		Rejected!	
GOCC_COP9_SIGNALOSOME	15		Rejected!	
GOCC_OLIGOSACCHARYLTRANSFERASE_COMPLEX	14		Rejected!	
GOCC_COHESIN_COMPLEX	14		Rejected!	
GOCC_F_ACTIN_CAPPING_PROTEIN_COMPLEX	8		Rejected!	
GOCC_CASPASE_COMPLEX	8		Rejected!	
GOCC_INTEGRIN_COMPLEX	31	27		
GOCC_IKAPPAB_KINASE_COMPLEX	7		Rejected!	
GOCC_PROTEASOME_REGULATORY_PARTICLE_BASE_SUBCOMPLEX	9		Rejected!	
GOCC_PROTEASOME_REGULATORY_PARTICLE_LID_SUBCOMPLEX	7		Rejected!	
GOCC_EPSILON_DNA_POLYMERASE_COMPLEX	5		Rejected!	
GOCC_NUCLEOID	44	42		
GOCC_EXTERNAL_SIDE_OF_PLASMA_MEMBRANE	448	272		
GOCC_CELL_SURFACE	932		Rejected!	
GOCC_ENDOSOME_MEMBRANE	525	448		
GOCC_CYTOPLASMIC_SIDE_OF_ENDOSOME_MEMBRANE	5		Rejected!	
GOCC_CHROMOCENTER	15		Rejected!	
GOCC_CYTOPLASMIC_STRESS_GRANULE	79	72		
GOCC_VESICLE_MEMBRANE	1189		Rejected!	
GOCC_ER_TO_GOLGI_TRANSPORT_VESICLE_MEMBRANE	62	45		
GOCC_TRANS_GOLGI_NETWORK_TRANSPORT_VESICLE_MEMBRANE	15		Rejected!	
GOCC_JUNCTIONAL_SARCOPLASMIC_RETICULUM_MEMBRANE	9		Rejected!	
GOCC_INTERCALATED_DISC	48	34		
GOCC_SPECTRIN_ASSOCIATED_CYTOSKELETON	9		Rejected!	
GOCC_CAJAL_BODY	79	54		
GOCC_ACTIN_CYTOSKELETON	494	395		
GOCC_MICROTUBULE_CYTOSKELETON	1320		Rejected!	
GOCC_LARGE_RIBOSOMAL_SUBUNIT	112	106		
GOCC_SMALL_RIBOSOMAL_SUBUNIT	69	65		
GOCC_DYSTROPHIN_ASSOCIATED_GLYCOPROTEIN_COMPLEX	17		Rejected!	
GOCC_DYSTROGLYCAN_COMPLEX	7		Rejected!	
GOCC_INCLUSION_BODY	74	62		
GOCC_AGGRESOME	35	28		
GOCC_PREFOLDIN_COMPLEX	7		Rejected!	
GOCC_EUKARYOTIC_TRANSLATION_INITIATION_FACTOR_4F_COMPLEX	11		Rejected!	
GOCC_BASOLATERAL_PLASMA_MEMBRANE	228	153		
GOCC_APICAL_PLASMA_MEMBRANE	360	220		
GOCC_APICOLATERAL_PLASMA_MEMBRANE	20		Rejected!	
GOCC_LATERAL_PLASMA_MEMBRANE	64	51		
GOCC_CATENIN_COMPLEX	31		Rejected!	
GOCC_MYOSIN_COMPLEX	56	37		
GOCC_MYOSIN_II_COMPLEX	22		Rejected!	
GOCC_UNCONVENTIONAL_MYOSIN_COMPLEX	8		Rejected!	
GOCC_PROTON_TRANSPORTING_TWO_SECTOR_ATPASE_COMPLEX	50	42		
GOCC_SWI_SNF_COMPLEX	26	24		
GOCC_SARCOPLASM	78	57		
GOCC_SIN3_COMPLEX	11		Rejected!	
GOCC_NURD_COMPLEX	14		Rejected!	
GOCC_NURF_COMPLEX	7		Rejected!	
GOCC_RNA_POLYMERASE_II_HOLOENZYME	76	68		
GOCC_MEDIATOR_COMPLEX	40	40		
GOCC_CDC73_PAF1_COMPLEX	7		Rejected!	
GOCC_FLOTILLIN_COMPLEX	9		Rejected!	
GOCC_CCAAT_BINDING_FACTOR_COMPLEX	6		Rejected!	
GOCC_NUCLEAR_BODY	832		Rejected!	
GOCC_PML_BODY	106	95		
GOCC_NUCLEAR_SPECK	410	368		
GOCC_INSULIN_LIKE_GROWTH_FACTOR_BINDING_PROTEIN_COMPLEX	5		Rejected!	
GOCC_TRANSCRIPTION_REPRESSOR_COMPLEX	76	63		
GOCC_AMINOACYL_TRNA_SYNTHETASE_MULTIENZYME_COMPLEX	11		Rejected!	
GOCC_GOLGI_TRANSPORT_COMPLEX	11		Rejected!	
GOCC_NMDA_SELECTIVE_GLUTAMATE_RECEPTOR_COMPLEX	9		Rejected!	
GOCC_HOST_CELLULAR_COMPONENT	10		Rejected!	
GOCC_SCF_UBIQUITIN_LIGASE_COMPLEX	63	57		
GOCC_PROTEASOME_CORE_COMPLEX_ALPHA_SUBUNIT_COMPLEX	8		Rejected!	
GOCC_PROTEASOME_CORE_COMPLEX_BETA_SUBUNIT_COMPLEX	11		Rejected!	
GOCC_IMMUNOGLOBULIN_COMPLEX	157		Rejected!	
GOCC_ORGANELLE_INNER_MEMBRANE	551	494		
GOCC_OUTER_MEMBRANE	234	203		
GOCC_EXTRINSIC_COMPONENT_OF_PLASMA_MEMBRANE	170	129		
GOCC_EXTRINSIC_COMPONENT_OF_MEMBRANE	314	244		
GOCC_NUCLEAR_CYCLIN_DEPENDENT_PROTEIN_KINASE_HOLOENZYME_COMPLEX	10		Rejected!	
GOCC_PROTEASOME_ACCESSORY_COMPLEX	23	23		
GOCC_CYTOSOLIC_LARGE_RIBOSOMAL_SUBUNIT	58	52		
GOCC_CYTOSOLIC_RIBOSOME	102	92		
GOCC_CYTOSOLIC_SMALL_RIBOSOMAL_SUBUNIT	43	39		
GOCC_TRAPP_COMPLEX	17	15		
GOCC_CCR4_NOT_COMPLEX	14		Rejected!	
GOCC_CCR4_NOT_CORE_COMPLEX	6		Rejected!	
GOCC_LAMELLIPODIUM	201	188		
GOCC_CELL_SUBSTRATE_JUNCTION	431	397		
GOCC_HEMIDESMOSOME	7		Rejected!	
GOCC_DESMOSOME	25		Rejected!	
GOCC_MITOCHONDRIAL_CRISTA	8		Rejected!	
GOCC_MITOCHONDRIAL_TRICARBOXYLIC_ACID_CYCLE_ENZYME_COMPLEX	11		Rejected!	
GOCC_MEMBRANE_COAT	84	76		
GOCC_CLATHRIN_COAT	39	33		
GOCC_AP_TYPE_MEMBRANE_COAT_ADAPTOR_COMPLEX	30	29		
GOCC_VESICLE_COAT	52	47		
GOCC_AP_1_ADAPTOR_COMPLEX	7		Rejected!	
GOCC_AP_3_ADAPTOR_COMPLEX	5		Rejected!	
GOCC_CLATHRIN_VESICLE_COAT	25	21		
GOCC_COPI_VESICLE_COAT	13		Rejected!	
GOCC_COPII_VESICLE_COAT	15		Rejected!	
GOCC_CLATHRIN_COAT_OF_ENDOCYTIC_VESICLE	8		Rejected!	
GOCC_CLATHRIN_ADAPTOR_COMPLEX	18	17		
GOCC_CLATHRIN_COAT_OF_COATED_PIT	14		Rejected!	
GOCC_TRANSPORT_VESICLE	403	294		
GOCC_COPII_COATED_ER_TO_GOLGI_TRANSPORT_VESICLE	94	72		
GOCC_COATED_VESICLE	292	230		
GOCC_CLATHRIN_COATED_VESICLE	194	146		
GOCC_COPI_COATED_VESICLE	22	21		
GOCC_ENDOCYTIC_VESICLE	342	277		
GOCC_TRANS_GOLGI_NETWORK_TRANSPORT_VESICLE	32	27		
GOCC_SECRETORY_GRANULE	864		Rejected!	
GOCC_FILOPODIUM	105	89		
GOCC_INTEGRAL_COMPONENT_OF_SYNAPTIC_VESICLE_MEMBRANE	28	19		
GOCC_DYNEIN_COMPLEX	54	38		
GOCC_PROTEIN_PHOSPHATASE_4_COMPLEX	6		Rejected!	
GOCC_EXTERNAL_ENCAPSULATING_STRUCTURE	570	334		
GOCC_JUNCTIONAL_MEMBRANE_COMPLEX	5		Rejected!	
GOCC_T_TUBULE	51	32		
GOCC_AXON	628	432		
GOCC_SITE_OF_POLARIZED_GROWTH	167	134		
GOCC_MIDBODY	204	188		
GOCC_TRANSPORT_VESICLE_MEMBRANE	205	138		
GOCC_GOLGI_ASSOCIATED_VESICLE_MEMBRANE	52	44		
GOCC_COATED_VESICLE_MEMBRANE	176	133		
GOCC_COPI_COATED_VESICLE_MEMBRANE	18	17		
GOCC_CLATHRIN_COATED_VESICLE_MEMBRANE	111	78		
GOCC_ENDOCYTIC_VESICLE_MEMBRANE	194	147		
GOCC_SECRETORY_GRANULE_MEMBRANE	312	249		
GOCC_CLATHRIN_COATED_ENDOCYTIC_VESICLE_MEMBRANE	72	47		
GOCC_PHAGOCYTIC_VESICLE_MEMBRANE	77	69		
GOCC_SYNAPTIC_VESICLE_MEMBRANE	103	67		
GOCC_AXOLEMMA	13		Rejected!	
GOCC_RIBONUCLEASE_P_COMPLEX	14		Rejected!	
GOCC_MULTIMERIC_RIBONUCLEASE_P_COMPLEX	10		Rejected!	
GOCC_PRERIBOSOME	78	74		
GOCC_90S_PRERIBOSOME	29	27		
GOCC_PRERIBOSOME_LARGE_SUBUNIT_PRECURSOR	23	22		
GOCC_PRERIBOSOME_SMALL_SUBUNIT_PRECURSOR	15	15		
GOCC_CORTICAL_CYTOSKELETON	107	83		
GOCC_CORTICAL_ACTIN_CYTOSKELETON	79	63		
GOCC_ROUGH_ENDOPLASMIC_RETICULUM_MEMBRANE	24	24		
GOCC_SMOOTH_ENDOPLASMIC_RETICULUM_MEMBRANE	7		Rejected!	
GOCC_BETA_CATENIN_DESTRUCTION_COMPLEX	11		Rejected!	
GOCC_RNA_POLYMERASE_COMPLEX	105	95		
GOCC_MITOTIC_COHESIN_COMPLEX	5		Rejected!	
GOCC_MEIOTIC_COHESIN_COMPLEX	8		Rejected!	
GOCC_REPLISOME	15		Rejected!	
GOCC_CHECKPOINT_CLAMP_COMPLEX	5		Rejected!	
GOCC_HOPS_COMPLEX	8		Rejected!	
GOCC_RETROMER_COMPLEX	12		Rejected!	
GOCC_SMC5_SMC6_COMPLEX	7		Rejected!	
GOCC_NADH_DEHYDROGENASE_COMPLEX	49	46		
GOCC_INTRACILIARY_TRANSPORT_PARTICLE	25	24		
GOCC_INTRACILIARY_TRANSPORT_PARTICLE_A	7		Rejected!	
GOCC_INTRACILIARY_TRANSPORT_PARTICLE_B	18	17		
GOCC_ISWI_TYPE_COMPLEX	13		Rejected!	
GOCC_INO80_COMPLEX	15	15		
GOCC_DENSE_CORE_GRANULE	27	16		
GOCC_NUCLEOCYTOPLASMIC_TRANSPORT_COMPLEX	11		Rejected!	
GOCC_NUCLEAR_PORE_OUTER_RING	9		Rejected!	
GOCC_BLOC_COMPLEX	14		Rejected!	
GOCC_BLOC_1_COMPLEX	9		Rejected!	
GOCC_PLATELET_DENSE_GRANULE_MEMBRANE	6		Rejected!	
GOCC_PLATELET_DENSE_GRANULE_LUMEN	14		Rejected!	
GOCC_PLATELET_ALPHA_GRANULE	91	70		
GOCC_PLATELET_ALPHA_GRANULE_MEMBRANE	17		Rejected!	
GOCC_PLATELET_ALPHA_GRANULE_LUMEN	67	51		
GOCC_PLATELET_DENSE_TUBULAR_NETWORK	11		Rejected!	
GOCC_PLATELET_DENSE_TUBULAR_NETWORK_MEMBRANE	9		Rejected!	
GOCC_PSEUDOPODIUM	18		Rejected!	
GOCC_SNARE_COMPLEX	48	39		
GOCC_SCAR_COMPLEX	12		Rejected!	
GOCC_ENDOPLASMIC_RETICULUM_PALMITOYLTRANSFERASE_COMPLEX	8		Rejected!	
GOCC_ANCHORED_COMPONENT_OF_MEMBRANE	169	77		
GOCC_INTRINSIC_COMPONENT_OF_PLASMA_MEMBRANE	1737		Rejected!	
GOCC_INTRINSIC_COMPONENT_OF_ENDOPLASMIC_RETICULUM_MEMBRANE	171	147		
GOCC_INTRINSIC_COMPONENT_OF_GOLGI_MEMBRANE	67	58		
GOCC_INTRINSIC_COMPONENT_OF_NUCLEAR_INNER_MEMBRANE	18		Rejected!	
GOCC_INTRINSIC_COMPONENT_OF_PEROXISOMAL_MEMBRANE	15		Rejected!	
GOCC_EXTRINSIC_COMPONENT_OF_EXTERNAL_SIDE_OF_PLASMA_MEMBRANE	8		Rejected!	
GOCC_INTRINSIC_COMPONENT_OF_EXTERNAL_SIDE_OF_PLASMA_MEMBRANE	24		Rejected!	
GOCC_EXTRINSIC_COMPONENT_OF_CYTOPLASMIC_SIDE_OF_PLASMA_MEMBRANE	99	85		
GOCC_INTRINSIC_COMPONENT_OF_THE_CYTOPLASMIC_SIDE_OF_THE_PLASMA_MEMBRANE	10		Rejected!	
GOCC_PROTEIN_ACETYLTRANSFERASE_COMPLEX	97	91		
GOCC_CELL_LEADING_EDGE	416	363		
GOCC_CELL_PROJECTION_MEMBRANE	340	246		
GOCC_CELL_TRAILING_EDGE	13		Rejected!	
GOCC_LEADING_EDGE_MEMBRANE	176	141		
GOCC_LAMELLIPODIUM_MEMBRANE	22	22		
GOCC_DNA_REPLICATION_PREINITIATION_COMPLEX	12		Rejected!	
GOCC_DEATH_INDUCING_SIGNALING_COMPLEX	9		Rejected!	
GOCC_CD95_DEATH_INDUCING_SIGNALING_COMPLEX	6		Rejected!	
GOCC_INTRINSIC_COMPONENT_OF_ORGANELLE_MEMBRANE	411	350		
GOCC_INTRINSIC_COMPONENT_OF_MITOCHONDRIAL_INNER_MEMBRANE	57	53		
GOCC_INTRINSIC_COMPONENT_OF_MITOCHONDRIAL_OUTER_MEMBRANE	25	21		
GOCC_INTRINSIC_COMPONENT_OF_VACUOLAR_MEMBRANE	12		Rejected!	
GOCC_EXTRINSIC_COMPONENT_OF_ORGANELLE_MEMBRANE	53	48		
GOCC_EXTRINSIC_COMPONENT_OF_ENDOSOME_MEMBRANE	10		Rejected!	
GOCC_EXTRINSIC_COMPONENT_OF_MITOCHONDRIAL_INNER_MEMBRANE	14		Rejected!	
GOCC_RNAI_EFFECTOR_COMPLEX	27		Rejected!	
GOCC_ANCHORED_COMPONENT_OF_EXTERNAL_SIDE_OF_PLASMA_MEMBRANE	20		Rejected!	
GOCC_UBIQUITIN_CONJUGATING_ENZYME_COMPLEX	9		Rejected!	
GOCC_CTF18_RFC_LIKE_COMPLEX	7		Rejected!	
GOCC_N_TERMINAL_PROTEIN_ACETYLTRANSFERASE_COMPLEX	10		Rejected!	
GOCC_NATA_COMPLEX	5		Rejected!	
GOCC_BOX_C_D_RNP_COMPLEX	7		Rejected!	
GOCC_BOX_H_ACA_SNORNP_COMPLEX	5		Rejected!	
GOCC_M_BAND	23		Rejected!	
GOCC_CULLIN_RING_UBIQUITIN_LIGASE_COMPLEX	174	156		
GOCC_CUL2_RING_UBIQUITIN_LIGASE_COMPLEX	23	19		
GOCC_CUL3_RING_UBIQUITIN_LIGASE_COMPLEX	36	34		
GOCC_CUL4A_RING_E3_UBIQUITIN_LIGASE_COMPLEX	11		Rejected!	
GOCC_CUL4B_RING_E3_UBIQUITIN_LIGASE_COMPLEX	5		Rejected!	
GOCC_CUL5_RING_UBIQUITIN_LIGASE_COMPLEX	8		Rejected!	
GOCC_MOTILE_CILIUM	228	137		
GOCC_PCG_PROTEIN_COMPLEX	34	30		
GOCC_BRUSH_BORDER_MEMBRANE	55	30		
GOCC_FILOPODIUM_MEMBRANE	18		Rejected!	
GOCC_MICROVILLUS_MEMBRANE	26	19		
GOCC_NUCLEOTIDE_ACTIVATED_PROTEIN_KINASE_COMPLEX	9		Rejected!	
GOCC_NEUROMUSCULAR_JUNCTION	67	52		
GOCC_SPINDLE_POLE_CENTROSOME	14		Rejected!	
GOCC_A_BAND	34	22		
GOCC_I_BAND	139	88		
GOCC_HAPTOGLOBIN_HEMOGLOBIN_COMPLEX	11		Rejected!	
GOCC_EARLY_ENDOSOME_MEMBRANE	173	140		
GOCC_LATE_ENDOSOME_MEMBRANE	152	134		
GOCC_MICROBODY_MEMBRANE	64	58		
GOCC_ENDOSOME_LUMEN	37	24		
GOCC_EARLY_ENDOSOME_LUMEN	5		Rejected!	
GOCC_LATE_ENDOSOME_LUMEN	9		Rejected!	
GOCC_MICROBODY_LUMEN	50	41		
GOCC_TORC1_COMPLEX	6		Rejected!	
GOCC_FILAMENTOUS_ACTIN	30	25		
GOCC_NUCLEAR_MEMBRANE	300	262		
GOCC_ORGANELLE_ENVELOPE_LUMEN	93	85		
GOCC_ENVELOPE	1237		Rejected!	
GOCC_VESICLE_LUMEN	327	273		
GOCC_ORGANELLE_SUBCOMPARTMENT	1470		Rejected!	
GOCC_GOLGI_CISTERNA	120	83		
GOCC_EARLY_PHAGOSOME	12		Rejected!	
GOCC_PHAGOLYSOSOME	6		Rejected!	
GOCC_INTEGRATOR_COMPLEX	27	16		
GOCC_SMALL_SUBUNIT_PROCESSOME	39	37		
GOCC_GUANYL_NUCLEOTIDE_EXCHANGE_FACTOR_COMPLEX	17	16		
GOCC_BLEB	9		Rejected!	
GOCC_DENSE_CORE_GRANULE_MEMBRANE	7		Rejected!	
GOCC_CHROMOSOME_PASSENGER_COMPLEX	6		Rejected!	
GOCC_CELL_DIVISION_SITE	74	66		
GOCC_CLEAVAGE_FURROW	56	49		
GOCC_SEPTIN_CYTOSKELETON	15		Rejected!	
GOCC_SYMMETRIC_SYNAPSE	10		Rejected!	
GOCC_AMPA_GLUTAMATE_RECEPTOR_COMPLEX	26		Rejected!	
GOCC_MISMATCH_REPAIR_COMPLEX	12		Rejected!	
GOCC_MUTLALPHA_COMPLEX	5		Rejected!	
GOCC_PHOTORECEPTOR_CONNECTING_CILIUM	41	32		
GOCC_STEREOCILIUM_BUNDLE	62	37		
GOCC_STEREOCILIUM_TIP	21		Rejected!	
GOCC_ACTIN_FILAMENT_BUNDLE	78	68		
GOCC_FILOPODIUM_TIP	18		Rejected!	
GOCC_CUTICULAR_PLATE	9		Rejected!	
GOCC_CBM_COMPLEX	5		Rejected!	
GOCC_CORTICAL_ENDOPLASMIC_RETICULUM	6		Rejected!	
GOCC_GOLGI_CISTERNA_MEMBRANE	94	59		
GOCC_GROWTH_CONE_MEMBRANE	8		Rejected!	
GOCC_MULTIVESICULAR_BODY_MEMBRANE	27	23		
GOCC_RUFFLE_MEMBRANE	98	88		
GOCC_TRANS_GOLGI_NETWORK_MEMBRANE	100	82		
GOCC_NEURON_PROJECTION_MEMBRANE	58	35		
GOCC_DENDRITE_MEMBRANE	41	21		
GOCC_DENDRITIC_SPINE_MEMBRANE	15		Rejected!	
GOCC_INSULIN_RESPONSIVE_COMPARTMENT	9		Rejected!	
GOCC_SUPER_ELONGATION_COMPLEX	8		Rejected!	
GOCC_SMN_COMPLEX	10		Rejected!	
GOCC_CARBOXY_TERMINAL_DOMAIN_PROTEIN_KINASE_COMPLEX	19	17		
GOCC_DENDRITE_CYTOPLASM	30	24		
GOCC_MYOSIN_FILAMENT	22		Rejected!	
GOCC_PROTEIN_DNA_COMPLEX	219	140		
GOCC_PROTEIN_LIPID_COMPLEX	39	25		
GOCC_FC_RECEPTOR_COMPLEX	5		Rejected!	
GOCC_PARANODAL_JUNCTION	8		Rejected!	
GOCC_PERINUCLEAR_THECA	5		Rejected!	
GOCC_SARCOPLASMIC_RETICULUM_MEMBRANE	41	28		
GOCC_SARCOPLASMIC_RETICULUM_LUMEN	9		Rejected!	
GOCC_DNA_RECOMBINASE_MEDIATOR_COMPLEX	7		Rejected!	
GOCC_WEIBEL_PALADE_BODY	6		Rejected!	
GOCC_CIS_GOLGI_NETWORK_MEMBRANE	7		Rejected!	
GOCC_ENDOPLASMIC_RETICULUM_GOLGI_INTERMEDIATE_COMPARTMENT_MEMBRANE	77	67		
GOCC_INTERPHOTORECEPTOR_MATRIX	6		Rejected!	
GOCC_PROTON_TRANSPORTING_V_TYPE_ATPASE_COMPLEX	27	23		
GOCC_PROTON_TRANSPORTING_TWO_SECTOR_ATPASE_COMPLEX_PROTON_TRANSPORTING_DOMAIN	26	23		
GOCC_PROTON_TRANSPORTING_TWO_SECTOR_ATPASE_COMPLEX_CATALYTIC_DOMAIN	20	15		
GOCC_PROTON_TRANSPORTING_V_TYPE_ATPASE_V0_DOMAIN	12		Rejected!	
GOCC_PROTON_TRANSPORTING_V_TYPE_ATPASE_V1_DOMAIN	12		Rejected!	
GOCC_NODE_OF_RANVIER	15		Rejected!	
GOCC_PARANODE_REGION_OF_AXON	11		Rejected!	
GOCC_TRANSCRIPTION_FACTOR_TFTC_COMPLEX	14		Rejected!	
GOCC_CHROMATOID_BODY	12		Rejected!	
GOCC_HULC_COMPLEX	5		Rejected!	
GOCC_RDNA_HETEROCHROMATIN	5		Rejected!	
GOCC_ELONGATOR_HOLOENZYME_COMPLEX	6		Rejected!	
GOCC_PHAGOPHORE_ASSEMBLY_SITE_MEMBRANE	17	17		
GOCC_VCP_NPL4_UFD1_AAA_ATPASE_COMPLEX	8		Rejected!	
GOCC_LOW_DENSITY_LIPOPROTEIN_PARTICLE	13		Rejected!	
GOCC_HIGH_DENSITY_LIPOPROTEIN_PARTICLE	27		Rejected!	
GOCC_SPHERICAL_HIGH_DENSITY_LIPOPROTEIN_PARTICLE	8		Rejected!	
GOCC_TRIGLYCERIDE_RICH_PLASMA_LIPOPROTEIN_PARTICLE	20		Rejected!	
GOCC_PWP2P_CONTAINING_SUBCOMPLEX_OF_90S_PRERIBOSOME	6		Rejected!	
GOCC_NUCLEAR_PERIPHERY	127	117		
GOCC_CENTRIOLAR_SATELLITE	107	92		
GOCC_BBSOME	8		Rejected!	
GOCC_CHROMOSOME_CENTROMERIC_CORE_DOMAIN	19		Rejected!	
GOCC_RNA_CAP_BINDING_COMPLEX	13		Rejected!	
GOCC_GID_COMPLEX	5		Rejected!	
GOCC_ENDOPLASMIC_RETICULUM_CHAPERONE_COMPLEX	11		Rejected!	
GOCC_ION_CHANNEL_COMPLEX	288	131		
GOCC_CATION_CHANNEL_COMPLEX	215	100		
GOCC_CALCIUM_CHANNEL_COMPLEX	68	37		
GOCC_POTASSIUM_CHANNEL_COMPLEX	89	38		
GOCC_SODIUM_CHANNEL_COMPLEX	26		Rejected!	
GOCC_CHLORIDE_CHANNEL_COMPLEX	52	20		
GOCC_METHYLTRANSFERASE_COMPLEX	92	89		
GOCC_METHYLOSOME	12		Rejected!	
GOCC_PICLN_SM_PROTEIN_COMPLEX	6		Rejected!	
GOCC_SMN_SM_PROTEIN_COMPLEX	18	15		
GOCC_ARYL_HYDROCARBON_RECEPTOR_COMPLEX	8		Rejected!	
GOCC_MICROTUBULE_ORGANIZING_CENTER_ATTACHMENT_SITE	11		Rejected!	
GOCC_PHOSPHATIDYLINOSITOL_3_KINASE_COMPLEX_CLASS_III	7		Rejected!	
GOCC_HISTONE_METHYLTRANSFERASE_COMPLEX	62	60		
GOCC_ESC_E_Z_COMPLEX	9		Rejected!	
GOCC_PRC1_COMPLEX	15		Rejected!	
GOCC_EXON_EXON_JUNCTION_COMPLEX	10		Rejected!	
GOCC_CILIARY_ROOTLET	11		Rejected!	
GOCC_MICROTUBULE_PLUS_END	23	22		
GOCC_AZUROPHIL_GRANULE_MEMBRANE	59	53		
GOCC_AZUROPHIL_GRANULE_LUMEN	91	80		
GOCC_SPECIFIC_GRANULE_MEMBRANE	91	83		
GOCC_SPECIFIC_GRANULE_LUMEN	62	53		
GOCC_CD40_RECEPTOR_COMPLEX	11		Rejected!	
GOCC_MON1_CCZ1_COMPLEX	5		Rejected!	
GOCC_SPERM_FIBROUS_SHEATH	8		Rejected!	
GOCC_MYELIN_SHEATH_ABAXONAL_REGION	6		Rejected!	
GOCC_MYELIN_SHEATH_ADAXONAL_REGION	5		Rejected!	
GOCC_RIBONUCLEOPROTEIN_GRANULE	261	225		
GOCC_EGG_COAT	5		Rejected!	
GOCC_SEH1_ASSOCIATED_COMPLEX	8		Rejected!	
GOCC_SITE_OF_DOUBLE_STRAND_BREAK	73	69		
GOCC_CILIARY_TRANSITION_ZONE	70	58		
GOCC_TRANSCRIPTION_FACTOR_AP_1_COMPLEX	5		Rejected!	
GOCC_ENDOLYSOSOME	28	25		
GOCC_ENDOLYSOSOME_MEMBRANE	19	18		
GOCC_ENDOLYSOSOME_LUMEN	5		Rejected!	
GOCC_MKS_COMPLEX	13		Rejected!	
GOCC_FILTRATION_DIAPHRAGM	8		Rejected!	
GOCC_CILIARY_BASAL_BODY	160	132		
GOCC_CATSPER_COMPLEX	13		Rejected!	
GOCC_INNER_DYNEIN_ARM	5		Rejected!	
GOCC_OUTER_DYNEIN_ARM	11		Rejected!	
GOCC_MYOFILAMENT	25	17		
GOCC_MICROTUBULE_MINUS_END	7		Rejected!	
GOCC_ESCRT_COMPLEX	28	23		
GOCC_GROWTH_FACTOR_COMPLEX	7		Rejected!	
GOCC_SOMATODENDRITIC_COMPARTMENT	828		Rejected!	
GOCC_DERLIN_1_RETROTRANSLOCATION_COMPLEX	8		Rejected!	
GOCC_G_PROTEIN_COUPLED_RECEPTOR_DIMERIC_COMPLEX	7		Rejected!	
GOCC_TOR_COMPLEX	11		Rejected!	
GOCC_T_CELL_RECEPTOR_COMPLEX	137		Rejected!	
GOCC_ALPHA_BETA_T_CELL_RECEPTOR_COMPLEX	9		Rejected!	
GOCC_NUCLEAR_OUTER_MEMBRANE_ENDOPLASMIC_RETICULUM_MEMBRANE_NETWORK	1165		Rejected!	
GOCC_NUCLEAR_RNA_EXPORT_FACTOR_COMPLEX	6		Rejected!	
GOCC_PARASPECKLES	8		Rejected!	
GOCC_SARCOLEMMA	131	86		
GOCC_NUCLEAR_INCLUSION_BODY	12		Rejected!	
GOCC_EXTRINSIC_COMPONENT_OF_ENDOPLASMIC_RETICULUM_MEMBRANE	8		Rejected!	
GOCC_MCM_COMPLEX	8		Rejected!	
GOCC_NLS_DEPENDENT_PROTEIN_NUCLEAR_IMPORT_COMPLEX	9		Rejected!	
GOCC_IMMUNOGLOBULIN_COMPLEX_CIRCULATING	70		Rejected!	
GOCC_DNA_POLYMERASE_COMPLEX	19	19		
GOCC_MICROBODY	144	123		
GOCC_SPECIFIC_GRANULE	160	143		
GOCC_AZUROPHIL_GRANULE	157	140		
GOCC_CHROMAFFIN_GRANULE	13		Rejected!	
GOCC_CHROMAFFIN_GRANULE_MEMBRANE	9		Rejected!	
GOCC_GLYCOGEN_GRANULE	7		Rejected!	
GOCC_ZYMOGEN_GRANULE	14		Rejected!	
GOCC_ZYMOGEN_GRANULE_MEMBRANE	11		Rejected!	
GOCC_LAMELLAR_BODY	17		Rejected!	
GOCC_MHC_PROTEIN_COMPLEX	26		Rejected!	
GOCC_MHC_CLASS_I_PROTEIN_COMPLEX	10		Rejected!	
GOCC_MHC_CLASS_II_PROTEIN_COMPLEX	17		Rejected!	
GOCC_PHOTORECEPTOR_OUTER_SEGMENT_MEMBRANE	16		Rejected!	
GOCC_CHYLOMICRON	13		Rejected!	
GOCC_ACTOMYOSIN	77	68		
GOCC_MITOCHONDRIAL_INTERMEMBRANE_SPACE_PROTEIN_TRANSPORTER_COMPLEX	6		Rejected!	
GOCC_TIM22_MITOCHONDRIAL_IMPORT_INNER_MEMBRANE_INSERTION_COMPLEX	7		Rejected!	
GOCC_PRESYNAPTIC_MEMBRANE	142	84		
GOCC_GPI_ANCHOR_TRANSAMIDASE_COMPLEX	5		Rejected!	
GOCC_POLYSOMAL_RIBOSOME	31	30		
GOCC_MHC_CLASS_I_PEPTIDE_LOADING_COMPLEX	8		Rejected!	
GOCC_PLATELET_DENSE_GRANULE	21	16		
GOCC_NEURON_PROJECTION	1340		Rejected!	
GOCC_NADPH_OXIDASE_COMPLEX	14		Rejected!	
GOCC_COSTAMERE	16		Rejected!	
GOCC_GERM_CELL_NUCLEUS	21		Rejected!	
GOCC_SYNAPTIC_CLEFT	18		Rejected!	
GOCC_H4_H2A_HISTONE_ACETYLTRANSFERASE_COMPLEX	26	23		
GOCC_ATP_BINDING_CASSETTE_ABC_TRANSPORTER_COMPLEX	6		Rejected!	
GOCC_AXON_INITIAL_SEGMENT	20		Rejected!	
GOCC_TERMINAL_BOUTON	48	27		
GOCC_VARICOSITY	7		Rejected!	
GOCC_DENDRITIC_SHAFT	36	24		
GOCC_LYSOSOMAL_LUMEN	97	79		
GOCC_AXON_HILLOCK	7		Rejected!	
GOCC_PERIKARYON	153	94		
GOCC_MYELIN_SHEATH	45	37		
GOCC_COMPACT_MYELIN	12		Rejected!	
GOCC_SCHMIDT_LANTERMAN_INCISURE	9		Rejected!	
GOCC_RECEPTOR_COMPLEX	530	259		
GOCC_FANCONI_ANAEMIA_NUCLEAR_COMPLEX	13		Rejected!	
GOCC_LAMININ_COMPLEX	12		Rejected!	
GOCC_CONTRACTILE_FIBER	238	160		
GOCC_APICAL_JUNCTION_COMPLEX	148	111		
GOCC_TRNA_METHYLTRANSFERASE_COMPLEX	7		Rejected!	
GOCC_NUCLEAR_REPLICATION_FORK	28	26		
GOCC_CYTOLYTIC_GRANULE	13		Rejected!	
GOCC_SPANNING_COMPONENT_OF_PLASMA_MEMBRANE	14		Rejected!	
GOCC_JUXTAPARANODE_REGION_OF_AXON	10		Rejected!	
GOCC_ORGANELLE_MEMBRANE_CONTACT_SITE	41	38		
GOCC_MITOCHONDRIA_ASSOCIATED_ENDOPLASMIC_RETICULUM_MEMBRANE	20	18		
GOCC_CELL_CELL_CONTACT_ZONE	70	52		
GOCC_DENDRITE_TERMINUS	12		Rejected!	
GOCC_DENDRITIC_GROWTH_CONE	8		Rejected!	
GOCC_AXONAL_GROWTH_CONE	22	18		
GOCC_CELL_BODY	544	367		
GOCC_CELL_BODY_MEMBRANE	31	19		
GOCC_CEREBELLAR_MOSSY_FIBER	7		Rejected!	
GOCC_DENTATE_GYRUS_MOSSY_FIBER	6		Rejected!	
GOCC_MAIN_AXON	61	37		
GOCC_CALYX_OF_HELD	18		Rejected!	
GOCC_NEURON_PROJECTION_TERMINUS	129	74		
GOCC_NEURON_SPINE	173	123		
GOCC_ENDOPLASMIC_RETICULUM_QUALITY_CONTROL_COMPARTMENT	24	23		
GOCC_DENDRITIC_SPINE_HEAD	7		Rejected!	
GOCC_PINOSOME	7		Rejected!	
GOCC_RIBOSOMAL_SUBUNIT	178	168		
GOCC_NSL_COMPLEX	11		Rejected!	
GOCC_NUCLEAR_PORE_CENTRAL_TRANSPORT_CHANNEL	7		Rejected!	
GOCC_NUCLEAR_PORE_NUCLEAR_BASKET	12		Rejected!	
GOCC_MLL1_2_COMPLEX	32	32		
GOCC_MLL3_4_COMPLEX	14		Rejected!	
GOCC_AMPHISOME	13		Rejected!	
GOCC_AUTOLYSOSOME	11		Rejected!	
GOCC_DNA_PACKAGING_COMPLEX	136	69		
GOCC_PLASMA_MEMBRANE_RAFT	114	85		
GOCC_CHITOSOME	18		Rejected!	
GOCC_KERATIN_FILAMENT	100		Rejected!	
GOCC_INTERMEDIATE_FILAMENT_CYTOSKELETON	256	87		
GOCC_PRONUCLEUS	13		Rejected!	
GOCC_INTERCELLULAR_BRIDGE	75	69		
GOCC_APICAL_PART_OF_CELL	426	268		
GOCC_BASAL_PART_OF_CELL	271	189		
GOCC_APICAL_CORTEX	11		Rejected!	
GOCC_BASAL_CORTEX	5		Rejected!	
GOCC_SYNAPSE	1305		Rejected!	
GOCC_POSTSYNAPTIC_MEMBRANE	271	134		
GOCC_TRICARBOXYLIC_ACID_CYCLE_ENZYME_COMPLEX	16	15		
GOCC_DIHYDROLIPOYL_DEHYDROGENASE_COMPLEX	9		Rejected!	
GOCC_OXOGLUTARATE_DEHYDROGENASE_COMPLEX	5		Rejected!	
GOCC_PROTON_TRANSPORTING_ATP_SYNTHASE_COMPLEX	22	19		
GOCC_PROTON_TRANSPORTING_ATP_SYNTHASE_COMPLEX_CATALYTIC_CORE_F_1	7		Rejected!	
GOCC_PROTON_TRANSPORTING_ATP_SYNTHASE_COMPLEX_COUPLING_FACTOR_F_O	14		Rejected!	
GOCC_RESPIRATORY_CHAIN_COMPLEX_III	14		Rejected!	
GOCC_RESPIRATORY_CHAIN_COMPLEX_IV	28	24		
GOCC_MRNA_EDITING_COMPLEX	8		Rejected!	
GOCC_CLATHRIN_COATED_ENDOCYTIC_VESICLE	91	61		
GOCC_PHAGOCYTIC_VESICLE	138	128		
GOCC_POLE_PLASM	25		Rejected!	
GOCC_INTERCELLULAR_CANALICULUS	6		Rejected!	
GOCC_ANCHORED_COMPONENT_OF_PLASMA_MEMBRANE	62	30		
GOCC_LIPOPOLYSACCHARIDE_RECEPTOR_COMPLEX	5		Rejected!	
GOCC_PORE_COMPLEX	26	24		
GOCC_ACTIVIN_RECEPTOR_COMPLEX	7		Rejected!	
GOCC_SET1C_COMPASS_COMPLEX	15		Rejected!	
GOCC_PERINUCLEAR_REGION_OF_CYTOPLASM	719		Rejected!	
GOCC_SIGNAL_RECOGNITION_PARTICLE	14		Rejected!	
GOCC_PIGMENT_GRANULE	109	100		
GOCC_PRESYNAPTIC_ACTIVE_ZONE	75	55		
GOCC_PRESYNAPTIC_ACTIVE_ZONE_MEMBRANE	29	23		
GOCC_CYTOSKELETON_OF_PRESYNAPTIC_ACTIVE_ZONE	7		Rejected!	
GOCC_SPINDLE_MIDZONE	36	34		
GOCC_CELL_TIP	5		Rejected!	
GOCC_RECYCLING_ENDOSOME	197	161		
GOCC_RECYCLING_ENDOSOME_MEMBRANE	96	77		
GOCC_EXCITATORY_SYNAPSE	51	26		
GOCC_INHIBITORY_SYNAPSE	19		Rejected!	
GOCC_KINOCILIUM	11		Rejected!	
GOCC_CILIARY_MEMBRANE	75	48		
GOCC_STEREOCILIUM_MEMBRANE	5		Rejected!	
GOCC_CELL_POLE	7		Rejected!	
GOCC_CLATHRIN_SCULPTED_VESICLE	12		Rejected!	
GOCC_CORTICAL_GRANULE	6		Rejected!	
GOCC_CLATHRIN_SCULPTED_GAMMA_AMINOBUTYRIC_ACID_TRANSPORT_VESICLE	8		Rejected!	
GOCC_MICOS_COMPLEX	8		Rejected!	
GOCC_MITOTIC_SPINDLE_ASTRAL_MICROTUBULE	8		Rejected!	
GOCC_TRANSFERASE_COMPLEX_TRANSFERRING_PHOSPHORUS_CONTAINING_GROUPS	259	228		
GOCC_GATOR2_COMPLEX	5		Rejected!	
GOCC_INFLAMMASOME_COMPLEX	17		Rejected!	
GOCC_SPERM_HEAD	16		Rejected!	
GOCC_COLLAGEN_CONTAINING_EXTRACELLULAR_MATRIX	427	277		
GOCC_CYTOCHROME_COMPLEX	42	35		
GOCC_CLATHRIN_SCULPTED_MONOAMINE_TRANSPORT_VESICLE	5		Rejected!	
GOCC_TIGHT_JUNCTION	132	100		
GOCC_ANCHORING_JUNCTION	841		Rejected!	
GOCC_SHELTERIN_COMPLEX	6		Rejected!	
GOCC_EXOCYTIC_VESICLE	216	152		
GOCC_TRANSCRIPTION_EXPORT_COMPLEX_2	5		Rejected!	
GOCC_NONHOMOLOGOUS_END_JOINING_COMPLEX	9		Rejected!	
GOCC_ELONGIN_COMPLEX	8		Rejected!	
GOCC_SAGA_TYPE_COMPLEX	36	34		
GOCC_RESPIRASOME	101	91		
GOCC_BRCA1_A_COMPLEX	8		Rejected!	
GOCC_BRCA1_C_COMPLEX	6		Rejected!	
GOCC_BRISC_COMPLEX	5		Rejected!	
GOCC_RISC_LOADING_COMPLEX	8		Rejected!	
GOCC_HAUS_COMPLEX	8		Rejected!	
GOCC_FHF_COMPLEX	5		Rejected!	
GOCC_PRE_SNORNP_COMPLEX	7		Rejected!	
GOCC_GAMMA_SECRETASE_COMPLEX	7		Rejected!	
GOCC_H3_HISTONE_ACETYLTRANSFERASE_COMPLEX	10		Rejected!	
GOCC_TERTIARY_GRANULE	164	138		
GOCC_TERTIARY_GRANULE_MEMBRANE	73	65		
GOCC_SIN3_TYPE_COMPLEX	14		Rejected!	
GOCC_CORE_MEDIATOR_COMPLEX	26	26		
GOCC_CELL_BODY_FIBER	7		Rejected!	
GOCC_CRD_MEDIATED_MRNA_STABILITY_COMPLEX	6		Rejected!	
GOCC_CONTRACTILE_RING	10		Rejected!	
GOCC_ENDOPLASMIC_RETICULUM_EXIT_SITE	35	25		
GOCC_TRANSLATION_PREINITIATION_COMPLEX	18	17		
GOCC_U2_TYPE_CATALYTIC_STEP_2_SPLICEOSOME	30	30		
GOCC_PRESPLICEOSOME	17	16		
GOCC_PRECATALYTIC_SPLICEOSOME	53	52		
GOCC_CATALYTIC_STEP_1_SPLICEOSOME	12		Rejected!	
GOCC_CATALYTIC_STEP_2_SPLICEOSOME	87	85		
GOCC_POST_MRNA_RELEASE_SPLICEOSOMAL_COMPLEX	12		Rejected!	
GOCC_SMAD_PROTEIN_COMPLEX	9		Rejected!	
GOCC_WASH_COMPLEX	10		Rejected!	
GOCC_HISTONE_PRE_MRNA_3_END_PROCESSING_COMPLEX	6		Rejected!	
GOCC_TRANSLOCON_COMPLEX	6		Rejected!	
GOCC_CLATHRIN_COMPLEX	6		Rejected!	
GOCC_INTEGRAL_COMPONENT_OF_CYTOPLASMIC_SIDE_OF_ENDOPLASMIC_RETICULUM_MEMBRANE	6		Rejected!	
GOCC_EUKARYOTIC_TRANSLATION_INITIATION_FACTOR_3_COMPLEX_EIF3M	7		Rejected!	
GOCC_PI_BODY	7		Rejected!	
GOCC_PIP_BODY	5		Rejected!	
GOCC_NPBAF_COMPLEX	12		Rejected!	
GOCC_NBAF_COMPLEX	15		Rejected!	
GOCC_NEURONAL_RIBONUCLEOPROTEIN_GRANULE	5		Rejected!	
GOCC_ENDOCYTIC_VESICLE_LUMEN	23	17		
GOCC_IGA_IMMUNOGLOBULIN_COMPLEX	5		Rejected!	
GOCC_ENDOPLASMIC_RETICULUM_TUBULAR_NETWORK	23	23		
GOCC_MMXD_COMPLEX	5		Rejected!	
GOCC_FANCM_MHF_COMPLEX	5		Rejected!	
GOCC_ELASTIC_FIBER	5		Rejected!	
GOCC_RAGULATOR_COMPLEX	5		Rejected!	
GOCC_PTW_PP1_PHOSPHATASE_COMPLEX	7		Rejected!	
GOCC_ER_MEMBRANE_INSERTION_COMPLEX	5		Rejected!	
GOCC_MSL_COMPLEX	5		Rejected!	
GOCC_EMC_COMPLEX	10		Rejected!	
GOCC_IPAF_INFLAMMASOME_COMPLEX	5		Rejected!	
GOCC_NLRP3_INFLAMMASOME_COMPLEX	9		Rejected!	
GOCC_BLOOD_MICROPARTICLE	147	73		
GOCC_BOX_H_ACA_RNP_COMPLEX	10		Rejected!	
GOCC_TRNA_SPLICING_LIGASE_COMPLEX	8		Rejected!	
GOCC_MITOTIC_SPINDLE	159	144		
GOCC_MEIOTIC_SPINDLE	14		Rejected!	
GOCC_CUL4_RING_E3_UBIQUITIN_LIGASE_COMPLEX	34	29		
GOCC_U2AF_COMPLEX	6		Rejected!	
GOCC_SPANNING_COMPONENT_OF_MEMBRANE	21		Rejected!	
GOCC_CATION_TRANSPORTING_ATPASE_COMPLEX	18		Rejected!	
GOCC_FLEMMING_BODY	36	31		
GOCC_RNA_POLYMERASE_II_TRANSCRIPTION_REPRESSOR_COMPLEX	14		Rejected!	
GOCC_RNA_POLYMERASE_II_TRANSCRIPTION_REGULATOR_COMPLEX	230	206		
GOCC_RNA_POLYMERASE_III_TRANSCRIPTION_REGULATOR_COMPLEX	9		Rejected!	
GOCC_BOX_H_ACA_TELOMERASE_RNP_COMPLEX	5		Rejected!	
GOCC_GLYCOPROTEIN_COMPLEX	21		Rejected!	
GOCC_SITE_OF_DNA_DAMAGE	97	91		
GOCC_PHAGOCYTIC_VESICLE_LUMEN	5		Rejected!	
GOCC_CILIARY_PLASM	133	87		
GOCC_MPP7_DLG1_LIN7_COMPLEX	5		Rejected!	
GOCC_PERINUCLEAR_ENDOPLASMIC_RETICULUM	21	17		
GOCC_SYNAPTIC_MEMBRANE	372	203		
GOCC_CYCLIN_A2_CDK2_COMPLEX	5		Rejected!	
GOCC_BCL_2_FAMILY_PROTEIN_COMPLEX	8		Rejected!	
GOCC_NUCLEAR_STRESS_GRANULE	6		Rejected!	
GOCC_AIM2_INFLAMMASOME_COMPLEX	5		Rejected!	
GOCC_PROTEASE_INHIBITOR_COMPLEX	8		Rejected!	
GOCC_SERINE_PROTEASE_INHIBITOR_COMPLEX	6		Rejected!	
GOCC_TETRASPANIN_ENRICHED_MICRODOMAIN	10		Rejected!	
GOCC_ALVEOLAR_LAMELLAR_BODY	7		Rejected!	
GOCC_SPERM_CONNECTING_PIECE	11		Rejected!	
GOCC_SPERM_MIDPIECE	38	20		
GOCC_SPERM_ANNULUS	5		Rejected!	
GOCC_SPERM_PRINCIPAL_PIECE	29	18		
GOCC_R2TP_COMPLEX	5		Rejected!	
GOCC_RIPOPTOSOME	6		Rejected!	
GOCC_INO80_TYPE_COMPLEX	26	26		
GOCC_PERINUCLEOLAR_COMPARTMENT	5		Rejected!	
GOCC_CIA_COMPLEX	5		Rejected!	
GOCC_PHOTORECEPTOR_DISC_MEMBRANE	23		Rejected!	
GOCC_GLIAL_CELL_PROJECTION	33	21		
GOCC_LEWY_BODY	8		Rejected!	
GOCC_NEUROFIBRILLARY_TANGLE	5		Rejected!	
GOCC_TUBULAR_ENDOSOME	5		Rejected!	
GOCC_MICROTUBULE_BUNDLE	6		Rejected!	
GOCC_MITOTIC_SPINDLE_POLE	36	35		
GOCC_DENSE_BODY	5		Rejected!	
GOCC_APICAL_DENDRITE	15		Rejected!	
GOCC_BASAL_DENDRITE	6		Rejected!	
GOCC_SORTING_ENDOSOME	6		Rejected!	
GOCC_DENDRITIC_TREE	611	407		
GOCC_ASTROCYTE_PROJECTION	19		Rejected!	
GOCC_ASTROCYTE_END_FOOT	8		Rejected!	
GOCC_HIPPOCAMPAL_MOSSY_FIBER	5		Rejected!	
GOCC_RIBBON_SYNAPSE	10		Rejected!	
GOCC_MULTIVESICULAR_BODY_LUMEN	7		Rejected!	
GOCC_GEMINI_OF_COILED_BODIES	12		Rejected!	
GOCC_CARDIAC_MYOFIBRIL	6		Rejected!	
GOCC_SPERM_PLASMA_MEMBRANE	12		Rejected!	
GOCC_SPLICEOSOMAL_SNRNP_COMPLEX	88	57		
GOCC_SPLICEOSOMAL_TRI_SNRNP_COMPLEX	43	32		
GOCC_CILIARY_TRANSITION_FIBER	9		Rejected!	
GOCC_CILIARY_TIP	47	41		
GOCC_CILIARY_BASE	41	31		
GOCC_TRANSCRIPTION_PREINITIATION_COMPLEX	10		Rejected!	
GOCC_LATERAL_PART_OF_CELL	5		Rejected!	
GOCC_G_PROTEIN_COUPLED_RECEPTOR_COMPLEX	9		Rejected!	
GOCC_PHOSPHATIDYLINOSITOL_3_KINASE_COMPLEX_CLASS_I	8		Rejected!	
GOCC_9PLUS2_MOTILE_CILIUM	149	91		
GOCC_NON_MOTILE_CILIUM	166	106		
GOCC_9PLUS0_NON_MOTILE_CILIUM	131	87		
GOCC_ATPASE_DEPENDENT_TRANSMEMBRANE_TRANSPORT_COMPLEX	24	16		
GOCC_DEUTEROSOME	5		Rejected!	
GOCC_SIDE_OF_MEMBRANE	660	443		
GOCC_LUMENAL_SIDE_OF_ENDOPLASMIC_RETICULUM_MEMBRANE	29	16		
GOCC_CYTOPLASMIC_SIDE_OF_ENDOPLASMIC_RETICULUM_MEMBRANE	14		Rejected!	
GOCC_CYTOPLASMIC_SIDE_OF_MEMBRANE	193	162		
GOCC_INTRINSIC_COMPONENT_OF_SYNAPTIC_VESICLE_MEMBRANE	40	29		
GOCC_INTRINSIC_COMPONENT_OF_MITOCHONDRIAL_MEMBRANE	90	81		
GOCC_CYTOPLASMIC_SIDE_OF_LYSOSOMAL_MEMBRANE	7		Rejected!	
GOCC_LUMENAL_SIDE_OF_MEMBRANE	35	21		
GOCC_PLASMA_MEMBRANE_REGION	1233		Rejected!	
GOCC_EXTERNAL_SIDE_OF_APICAL_PLASMA_MEMBRANE	5		Rejected!	
GOCC_PROTEIN_COMPLEX_INVOLVED_IN_CELL_ADHESION	43	39		
GOCC_PROTEIN_COMPLEX_INVOLVED_IN_CELL_MATRIX_ADHESION	6		Rejected!	
GOCC_NETWORK_FORMING_COLLAGEN_TRIMER	9		Rejected!	
GOCC_COMPLEX_OF_COLLAGEN_TRIMERS	22	15		
GOCC_BASEMENT_MEMBRANE_COLLAGEN_TRIMER	9		Rejected!	
GOCC_PHOTORECEPTOR_RIBBON_SYNAPSE	7		Rejected!	
GOCC_SCHAFFER_COLLATERAL_CA1_SYNAPSE	72	50		
GOCC_HIPPOCAMPAL_MOSSY_FIBER_TO_CA3_SYNAPSE	34	20		
GOCC_CHROMOSOMAL_REGION	366	322		
GOCC_PARALLEL_FIBER_TO_PURKINJE_CELL_SYNAPSE	15		Rejected!	
GOCC_GLYCINERGIC_SYNAPSE	7		Rejected!	
GOCC_DOPAMINERGIC_SYNAPSE	11		Rejected!	
GOCC_GOLGI_APPARATUS_SUBCOMPARTMENT	387	308		
GOCC_PRESYNAPSE	492	321		
GOCC_POSTSYNAPSE	607	403		
GOCC_MEMBRANE_PROTEIN_COMPLEX	1304		Rejected!	
GOCC_PLASMA_MEMBRANE_PROTEIN_COMPLEX	697	352		
GOCC_MITOCHONDRIAL_PROTEIN_CONTAINING_COMPLEX	281	267		
GOCC_OUTER_MITOCHONDRIAL_MEMBRANE_PROTEIN_COMPLEX	22	21		
GOCC_INNER_MITOCHONDRIAL_MEMBRANE_PROTEIN_COMPLEX	155	142		
GOCC_PLASMA_MEMBRANE_SIGNALING_RECEPTOR_COMPLEX	306	121		
GOCC_ENDOPLASMIC_RETICULUM_TUBULAR_NETWORK_MEMBRANE	5		Rejected!	
GOCC_PRESYNAPTIC_ACTIVE_ZONE_CYTOPLASMIC_COMPONENT	16		Rejected!	
GOCC_PRESYNAPTIC_ENDOCYTIC_ZONE	7		Rejected!	
GOCC_POSTSYNAPTIC_RECYCLING_ENDOSOME	7		Rejected!	
GOCC_POSTSYNAPTIC_DENSITY_MEMBRANE	88	46		
GOCC_POSTSYNAPTIC_ENDOCYTIC_ZONE	5		Rejected!	
GOCC_POSTSYNAPTIC_ENDOSOME	14		Rejected!	
GOCC_EXTRINSIC_COMPONENT_OF_SYNAPTIC_VESICLE_MEMBRANE	5		Rejected!	
GOCC_MEMBRANE_MICRODOMAIN	329	258		
GOCC_ACTIN_BASED_CELL_PROJECTION	217	159		
GOCC_CLUSTER_OF_ACTIN_BASED_CELL_PROJECTIONS	158	96		
GOCC_NEUROTRANSMITTER_RECEPTOR_COMPLEX	45	16		
GOCC_INTRINSIC_COMPONENT_OF_PRESYNAPTIC_MEMBRANE	73	36		
GOCC_EXTRINSIC_COMPONENT_OF_POSTSYNAPTIC_MEMBRANE	8		Rejected!	
GOCC_EXTRINSIC_COMPONENT_OF_POSTSYNAPTIC_SPECIALIZATION_MEMBRANE	5		Rejected!	
GOCC_INTRINSIC_COMPONENT_OF_POSTSYNAPTIC_MEMBRANE	123	55		
GOCC_INTRINSIC_COMPONENT_OF_PRESYNAPTIC_ACTIVE_ZONE_MEMBRANE	17		Rejected!	
GOCC_INTRINSIC_COMPONENT_OF_POSTSYNAPTIC_SPECIALIZATION_MEMBRANE	80	35		
GOCC_GLUTAMATERGIC_SYNAPSE	317	210		
GOCC_CHOLINERGIC_SYNAPSE	9		Rejected!	
GOCC_GABA_ERGIC_SYNAPSE	70	31		
GOCC_NEURON_TO_NEURON_SYNAPSE	346	245		
GOCC_ASYMMETRIC_GLUTAMATERGIC_EXCITATORY_SYNAPSE	6		Rejected!	
GOCC_NEURONAL_DENSE_CORE_VESICLE	13		Rejected!	
GOCC_ANCHORED_COMPONENT_OF_SYNAPTIC_VESICLE_MEMBRANE	12		Rejected!	
GOCC_NEURONAL_DENSE_CORE_VESICLE_MEMBRANE	5		Rejected!	
GOCC_VESICLE_TETHERING_COMPLEX	61	58		
GOCC_ANCHORED_COMPONENT_OF_POSTSYNAPTIC_MEMBRANE	5		Rejected!	
GOCC_ANCHORED_COMPONENT_OF_PRESYNAPTIC_MEMBRANE	7		Rejected!	
GOCC_INTEGRAL_COMPONENT_OF_PRESYNAPTIC_ACTIVE_ZONE_MEMBRANE	14		Rejected!	
GOCC_BORC_COMPLEX	8		Rejected!	
GOCC_SUPRAMOLECULAR_COMPLEX	1329		Rejected!	
GOCC_SUPRAMOLECULAR_POLYMER	996		Rejected!	
GOCC_SYNAPTONEMAL_STRUCTURE	41	29		
GOCC_POSTSYNAPTIC_SPECIALIZATION_INTRACELLULAR_COMPONENT	11		Rejected!	
GOCC_POSTSYNAPTIC_DENSITY_INTRACELLULAR_COMPONENT	8		Rejected!	
GOCC_ANCHORED_COMPONENT_OF_SYNAPTIC_MEMBRANE	11		Rejected!	
GOCC_INTRINSIC_COMPONENT_OF_POSTSYNAPTIC_DENSITY_MEMBRANE	53	27		
GOCC_INTRINSIC_COMPONENT_OF_SYNAPTIC_MEMBRANE	159	73		
GOCC_EXTRINSIC_COMPONENT_OF_SYNAPTIC_MEMBRANE	10		Rejected!	
GOCC_SECRETORY_VESICLE	1024		Rejected!	
GOCC_POLYMERIC_CYTOSKELETAL_FIBER	755	497		
GOCC_CYTOSOLIC_REGION	15		Rejected!	
GOCC_PRESYNAPTIC_CYTOSOL	9		Rejected!	
GOCC_POSTSYNAPTIC_CYTOSOL	12		Rejected!	
GOCC_CYTOPLASMIC_REGION	260	195		
GOCC_PRESYNAPTIC_CYTOSKELETON	10		Rejected!	
GOCC_POSTSYNAPTIC_CYTOSKELETON	7		Rejected!	
GOCC_POSTSYNAPTIC_SPECIALIZATION_MEMBRANE	116	57		
GOCC_CELL_CORTEX_REGION	39	31		
GOCC_FICOLIN_1_RICH_GRANULE	185	162		
GOCC_FICOLIN_1_RICH_GRANULE_MEMBRANE	61	46		
GOCC_CHAPERONE_COMPLEX	34	32		
GOCC_MCRD_MEDIATED_MRNA_STABILITY_COMPLEX	5		Rejected!	
GOCC_SUMO_LIGASE_COMPLEX	11		Rejected!	
GOCC_B_WICH_COMPLEX	7		Rejected!	
GOCC_UBIQUINONE_BIOSYNTHESIS_COMPLEX	6		Rejected!	
GOCC_STEREOCILIUM_BASE	5		Rejected!	
GOCC_PROCENTRIOLE_REPLICATION_COMPLEX	6		Rejected!	
GOCC_CENTRIOLAR_SUBDISTAL_APPENDAGE	10		Rejected!	
GOCC_NEURON_PROJECTION_CYTOPLASM	89	78		
GOCC_SM_LIKE_PROTEIN_FAMILY_COMPLEX	109	75		
GOCC_LSM2_8_COMPLEX	7		Rejected!	
GOCC_DYNEIN_AXONEMAL_PARTICLE	20	16		
GOCC_ENDOPLASMIC_RETICULUM_PLASMA_MEMBRANE_CONTACT_SITE	10		Rejected!	
GOCC_MIB_COMPLEX	13		Rejected!	
GOCC_CHROMOSOME_TELOMERIC_REPEAT_REGION	13		Rejected!	
GOCC_NUCLEAR_PROTEIN_CONTAINING_COMPLEX	1250		Rejected!	
GOCC_ENDOPLASMIC_RETICULUM_PROTEIN_CONTAINING_COMPLEX	125	116		
GOCC_INTRACELLULAR_PROTEIN_CONTAINING_COMPLEX	741		Rejected!	
GOCC_ATAC_COMPLEX	14		Rejected!	
GOCC_ENZYME_ACTIVATOR_COMPLEX	6		Rejected!	
GOCC_DISTAL_AXON	270	187		
GOCC_CATALYTIC_COMPLEX	1430		Rejected!	
GOCC_ENDORIBONUCLEASE_COMPLEX	34	31		
GOCC_H4_HISTONE_ACETYLTRANSFERASE_COMPLEX	40	37		
GOCC_GABA_RECEPTOR_COMPLEX	21		Rejected!	
GOCC_PROTEIN_KINASE_COMPLEX	115	97		
GOCC_PHOSPHATASE_COMPLEX	50	44		
GOCC_CALCITONIN_FAMILY_RECEPTOR_COMPLEX	5		Rejected!	
GOCC_PEPTIDASE_INHIBITOR_COMPLEX	11		Rejected!	
GOCC_AXON_CYTOPLASM	62	57		
GOCC_SEROTONIN_ACTIVATED_CATION_SELECTIVE_CHANNEL_COMPLEX	5		Rejected!	
GOCC_TERTIARY_GRANULE_LUMEN	55	47		
GOCC_FICOLIN_1_RICH_GRANULE_LUMEN	124	116		
GOCC_AMPHISOME_MEMBRANE	11		Rejected!	
GOCC_ATPASE_COMPLEX	88	85		
GOCC_INTEGRAL_COMPONENT_OF_LYSOSOMAL_MEMBRANE	10		Rejected!	
GOCC_SERINE_TYPE_PEPTIDASE_COMPLEX	11		Rejected!	
GOCC_EXORIBONUCLEASE_COMPLEX	20	19		
GOCC_GTPASE_COMPLEX	36	31		
GOCC_PEPTIDASE_COMPLEX	111	103		
GOCC_ENDOPEPTIDASE_COMPLEX	79	74		
GOCC_SERINE_TYPE_ENDOPEPTIDASE_COMPLEX	9		Rejected!	
GOCC_MITOTIC_SPINDLE_MIDZONE	14		Rejected!	
GOCC_RPAP3_R2TP_PREFOLDIN_LIKE_COMPLEX	12		Rejected!	
GOCC_PERICILIARY_MEMBRANE_COMPARTMENT	6		Rejected!	
GOCC_SPERMATOPROTEASOME_COMPLEX	5		Rejected!	
GOCC_MESSENGER_RIBONUCLEOPROTEIN_COMPLEX	13		Rejected!	
GOCC_OXIDOREDUCTASE_COMPLEX	120	108		
GOCC_IRON_SULFUR_CLUSTER_ASSEMBLY_COMPLEX	6		Rejected!	
GOCC_TRANSFERASE_COMPLEX	790		Rejected!	
GOCC_UNIPLEX_COMPLEX	6		Rejected!	
GOCC_ATG1_ULK1_KINASE_COMPLEX	6		Rejected!	
GOCC_TRANSPORTER_COMPLEX	396	221		
GOCC_DNA_REPAIR_COMPLEX	44	39		
GOCC_L_TYPE_VOLTAGE_GATED_CALCIUM_CHANNEL_COMPLEX	11		Rejected!	
GOCC_OMEGASOME	5		Rejected!	
GOCC_MITOTIC_SPINDLE_MICROTUBULE	13		Rejected!	
GOCC_CLOCK_BMAL_TRANSCRIPTION_COMPLEX	5		Rejected!	
GOCC_PHOSPHOLIPID_TRANSLOCATING_ATPASE_COMPLEX	13		Rejected!	
GOCC_PROXIMAL_DENDRITE	5		Rejected!	
GOCC_HFE_TRANSFERRIN_RECEPTOR_COMPLEX	8		Rejected!	
GOCC_LSM1_7_PAT1_COMPLEX	5		Rejected!	
GOCC_MICROVESICLE	6		Rejected!	
GOCC_MICROTUBULE_END	33	29		
GOCC_RIBONUCLEOPROTEIN_COMPLEX	729		Rejected!	
GOCC_BETA_CATENIN_TCF_COMPLEX	13		Rejected!	
GOCC_WNT_SIGNALOSOME	13		Rejected!	
GOCC_SPERM_HEAD_PLASMA_MEMBRANE	7		Rejected!	
